CoC Number,CoC Name,CoC Category,"Overall Homeless 2019","Overall Homeless - Under 18 2019","Overall Homeless - Age 18 to 24 2019","Overall Homeless - Over 24 2019","Overall Homeless - Female 2019","Overall Homeless - Male 2019","Overall Homeless - Transgender 2019","Overall Homeless - Gender Non-Conforming 2019","Overall Homeless - Non-Hispanic/Non-Latino, 2019","Overall Homeless - Hispanic/Latino, 2019","Overall Homeless - White, 2019","Overall Homeless - Black or African American, 2019","Overall Homeless - Asian, 2019","Overall Homeless - American Indian or Alaska Native, 2019","Overall Homeless - Native Hawaiian or Other Pacific Islander 2019","Overall Homeless - Multiple Races 2019"
AK-500,Anchorage CoC, 1023 ,188,146,689,665,86,88,491,305,99,38,168,0,0,0,970,185
AK-501,Alaska Balance of State CoC,761,209,56,496,474,119,30,325,195,61,21,113,0,0,0,669,180
AL-500, Birmingham/Jefferson St. Clair Shelby Counties CoC , 1,329 ,262,76,991,387,47,27,313,497,169,12,316,31,4,27,915
AL-501,Mobile City & County/Baldwin County CoC,598,126,44,428,287,69,24,194,174,52,11,111,0,0,0,461,121
AL-502,Florence/Northwest Alabama CoC,209,50,6,153,38,7,1,30,151,38,2,111,0,0,0,189,45
AL-503,Huntsville/North Alabama CoC,536,93,32,411,413,50,21,342,86,43,9,34,0,0,0,499,93
AL-504,Montgomery City & County CoC,490,78,24,388,120,16,8,96,289,55,15,219,0,0,0,409,71
AL-505,Gadsden/Northeast Alabama CoC,438,18,41,379,354,13,23,318,14,5,1,8,0,0,0,368,18
AL-506,Tuscaloosa City & County CoC,245,49,28,168,11,4,1,6,122,17,15,90,0,0,0,133,21
AL-507,Alabama Balance of State CoC,716,96,115,505,241,22,52,167,303,32,35,236,0,0,0,544,54
AR-500,Little Rock/Central Arkansas CoC, 1074 ,68,163,843,342,31,48,263,229,37,9,183,0,0,0,571,68
AR-501,Fayetteville/Northwest Arkansas CoC,551,121,56,374,156,5,3,148,173,86,15,72,0,0,0,329,91
AR-503,Arkansas  Balance of State  CoC, 1056 ,128,85,843,370,58,57,255,50,2,2,46,0,0,0,420,60
AR-505,Southeast Arkansas CoC,70,24,3,43,58,18,3,37,12,6,0,6,0,0,0,70,24
AR-508,Fort Smith CoC,185,14,8,163,95,13,6,76,18,1,0,17,0,0,0,113,14
AZ-500,Arizona Balance of State CoC, 2398 ,408,224, 1,766 , 1,019 ,203,106,710,330,129,33,168,0,0,0
AZ-501,Tucson/Pima County CoC, 2179 ,445,199, 1,535 ,714,130,57,527,983,289,117,577,15,2,13, 1
AZ-502, Phoenix Mesa/Maricopa County CoC , 5,918 , 1,826 ,601, 3,491 , 2,558 ,719,209, 1,630 , 2,282 , 1,101 
CA-500,San Jose/Santa Clara City & County CoC, 7567 ,710, 1,037 , 5,820 ,819,140,35,644, 1,065 ,356,118,591,9,0
CA-501,San Francisco CoC, 6408 ,475, 1,724 , 4,209 , 1,522 ,195,124, 1,203 ,517,141,67,309,54
CA-502, Oakland Berkeley/Alameda County CoC , 4,272 ,632,492, 3,148 ,895,173,101,621, 1,040 ,353,248,439,0,0
CA-503,Sacramento City & County CoC, 2449 ,477,206, 1,766 ,774,214,36,524,889,255,116,518,0,0,0, 1
CA-504, Santa Rosa Petaluma/Sonoma County CoC , 4,266 ,445,873, 2,948 ,570,98,33,439,387,50,30,307,0,0,0
CA-505,Richmond/Contra Costa County CoC, 2009 ,222,141, 1,646 ,423,89,36,298,257,120,34,103,0,0,0,680
CA-506, Salinas/Monterey San Benito Counties CoC , 2,962 ,376,445, 2,141 ,287,66,46,175,469,166,72,231,0,0,0
CA-507,Marin County CoC,679,129,39,511,208,16,10,182,293,113,21,159,0,0,0,501,129
CA-508,Watsonville/Santa Cruz City & County CoC, 3529 ,421,882, 2,226 ,361,90,21,250,273,114,23,136,0,0,0,634
CA-509,Mendocino County CoC, 1404 ,70,116, 1,218 ,117,21,11,85,69,20,19,30,0,0,0,186
CA-510, Turlock Modesto/Stanislaus County CoC , 1,156 ,179,125,852,447,86,37,324,266,40,50,176,0,0,0,713
CA-511,Stockton/San Joaquin County CoC, 1588 ,530,98,960,744,213,44,487,581,302,43,236,0,0,0, 1,325 
CA-512,Daly/San Mateo County CoC, 2024 ,342,135, 1,547 ,271,65,8,198,454,176,46,232,0,0,0,725
CA-513, Visalia/Kings Tulare Counties CoC ,763,92,83,588,161,44,10,107,225,37,41,147,0,0,0,386,81
CA-514,Fresno City & County/Madera County CoC, 2592 ,247,390, 1,955 ,297,91,34,172,389,148,94,147,23,0,23,709
CA-515, Roseville Rocklin/Placer County CoC ,762,83,60,619,166,32,7,127,73,28,7,38,0,0,0,239,60
CA-516, Redding/Shasta Siskiyou Lassen Plumas Del Norte Modoc Sierra Counties CoC ,630,98,158,374,201,41,76,84,347,57,69,221,0,0,0,548,98
CA-517,Napa City & County CoC,285,47,24,214,135,21,4,110,59,26,17,16,0,0,0,194,47
CA-518,Vallejo/Solano County CoC, 1295 ,100,211,984,178,26,32,120,228,45,49,134,0,0,0,406,71
CA-519, Chico Paradise/Butte County CoC ,696,73,71,552,171,21,17,133,102,42,9,51,0,0,0,273,63
CA-520,Merced City & County CoC,768,21,54,693,91,15,5,71,68,3,4,61,0,0,0,159,18
CA-521, Davis Woodland/Yolo County CoC ,442,85,32,325,111,28,6,77,133,57,13,63,0,0,0,244,85
CA-522,Humboldt County CoC,932,152,190,590,94,34,12,48,154,66,13,75,0,0,0,248,100
CA-523, Colusa Glenn Trinity Counties CoC ,567,89,55,423,59,13,5,41,84,32,7,45,0,0,0,143,45
CA-524,Yuba City & County/Sutter County CoC,726,371,41,314,347,214,41,92,0,0,0,0,0,0,0,347,214
CA-525,El Dorado County CoC,195,17,18,160,66,11,5,50,80,4,9,67,0,0,0,146,15
CA-526, Amador Calaveras Mariposa Tuolumne Counties CoC ,382,72,34,276,61,24,4,33,81,39,7,35,0,0,0,142,63
CA-600,Los Angeles City & County CoC, 34393 , 4,308 , 4,017 , 26,068 , 6,214 , 1,210 ,430, 4,574 , 5,568 , 1
CA-601,San Diego City and County CoC, 8506 , 1,215 ,579, 6,712 , 1,179 ,223,60,896, 3,291 ,847,299, 2,145 
CA-602, Santa Ana Anaheim/Orange County CoC , 3,833 ,787,340, 2,706 ,851,199,50,602, 1,304 ,586,112,606,0,0
CA-603,Santa Maria/Santa Barbara County CoC, 1832 ,245,113, 1,474 ,576,88,51,437,278,93,14,171,0,0,0,854
CA-604,Bakersfield/Kern County CoC,992,178,87,727,382,120,26,236,195,37,19,139,0,0,0,577,157
CA-606,Long Beach CoC, 2738 ,298,131, 2,309 ,396,46,22,328,445,91,32,322,18,0,18,859
CA-607,Pasadena CoC,666,84,32,550,138,41,9,88,127,35,6,86,0,0,0,265,76
CA-608,Riverside City & County CoC, 2945 ,345,211, 2,389 ,575,106,60,409,482,163,40,279,0,0,0, 1
CA-609,San Bernardino City & County CoC, 2315 ,409,288, 1,618 ,454,178,62,214,614,149,148,317,0,0,0, 1
CA-611, Oxnard San Buenaventura/Ventura County CoC , 1,428 ,234,86, 1,108 ,240,12,4,224,268,103,8,157,10,1,9
CA-612,Glendale CoC,292,54,8,230,107,4,5,98,78,48,3,27,0,0,0,185,52
CA-613,Imperial County CoC,298,77,8,213,104,30,3,71,60,39,4,17,0,0,0,164,69
CA-614,San Luis Obispo County CoC, 2366 ,268,219, 1,879 ,172,41,6,125,72,23,4,45,0,0,0,244
CO-500,Colorado Balance of State CoC, 2188 ,562,206, 1,420 ,674,163,46,465,509,239,50,220,0,0,0, 1
CO-503,Metropolitan Denver CoC, 6621 , 2,019 ,682, 3,920 , 2,885 ,481,249, 2,155 , 3,042 , 1,492 ,343
CO-504,Colorado Springs/El Paso County CoC, 1219 ,254,116,849,443,53,49,341,507,197,51,259,0,0,0,950,250
CT-503, Bridgeport Stamford Norwalk Danbury/Fairfield County CoC , 1,083 ,220,62,801,519,107,36,376,253,91,13,149,0,0,0,772
CT-505,Connecticut Balance of State CoC, 3367 ,616,246, 2,505 , 1,962 ,355,147, 1,460 ,797,227,54,516,0,0
DC-500,District of Columbia CoC, 7748 , 2,241 ,837, 4,670 , 5,754 , 1,725 ,615, 3,414 , 1,598 ,516,204
DE-500,Delaware Statewide CoC,901,220,51,630,435,83,19,333,429,133,30,266,0,0,0,864,216
FL-500, Sarasota Bradenton/Manatee Sarasota Counties CoC , 1,377 ,168,103, 1,106 ,463,67,37,359,317,88,29,200,0,0,0
FL-501,Tampa/Hillsborough County CoC, 1944 ,177,266, 1,501 ,314,43,38,233,532,28,57,447,7,0,7,853
FL-502, St. Petersburg Clearwater Largo/Pinellas County CoC , 3,391 ,735,154, 2,502 , 1,353 ,535,54,764,819,175,33,611,41,0
FL-503, Lakeland Winterhaven/Polk County CoC ,536,59,24,453,138,19,4,115,110,27,7,76,0,0,0,248,46
FL-504, Deltona Daytona Beach/Volusia Flagler Counties CoC , 1,633 ,310,70, 1,253 ,102,6,3,93,506,171,45,290,0,0,0
FL-505, Fort Walton Beach/Okaloosa Walton Counties CoC , 1,577 ,687,181,709,228,16,0,212,74,41,0,33,0,0,0,302
FL-506,Tallahassee/Leon County CoC,805,87,70,648,307,15,10,282,310,71,51,188,0,0,0,617,86
FL-507, Orlando/Orange Osceola Seminole Counties CoC , 2,254 ,537,107, 1,610 ,974,185,50,739, 1,014 ,352,50,612,0,0
FL-508, Gainesville/Alachua Putnam Counties CoC , 1,256 ,107,97, 1,052 ,161,64,15,82,207,34,39,134,0,0,0
FL-509, Fort Pierce/St. Lucie Indian River Martin Counties CoC , 2,591 ,747,135, 1,709 ,97,53,2,42,152,81,24,47,0,0,0
FL-510, Jacksonville-Duval Clay Counties CoC , 2,049 ,422,120, 1,507 , 1,050 ,179,38,833,706,232,54,420,0,0
FL-511, Pensacola/Escambia Santa Rosa Counties CoC ,843,153,466,224,271,26,185,60,340,55,264,21,0,0,0,611,81
FL-512,St. Johns County CoC, 1401 ,260,23, 1,118 ,97,18,4,75,100,56,6,38,0,0,0,197
FL-513, Palm Bay Melbourne/Brevard County CoC , 1,477 ,377,92, 1,008 ,95,15,8,72,522,219,40,263,0,0,0
FL-514,Ocala/Marion County CoC,918,138,174,606,147,43,8,96,127,41,17,69,0,0,0,274,84
FL-515, Panama City/Bay Jackson Counties CoC ,268,35,19,214,69,0,5,64,127,17,12,98,0,0,0,196,17
FL-517, Hendry Hardee Highlands Counties CoC , 1,346 ,442,76,828,121,30,14,77,113,52,8,53,0,0,0,234
FL-518, Columbia Hamilton Lafayette Suwannee Counties CoC , 1,070 ,167,58,845,44,25,7,12,39,5,0,34,0,0,0,83
FL-519,Pasco County CoC, 3356 ,824,464, 2,068 ,93,38,3,52,63,0,8,55,0,0,0,156
FL-520, Citrus Hernando Lake Sumter Counties CoC ,511,104,43,364,193,48,22,123,117,34,10,73,0,0,0,310,82
FL-600,Miami-Dade County CoC, 4156 ,979,291, 2,886 , 1,965 ,548,141, 1,276 , 1,325 ,431,125,769,26
FL-601,Ft Lauderdale/Broward County CoC, 2766 ,480,230, 2,056 ,917,185,93,639,935,255,93,587,35,0,35, 1
FL-602,Punta Gorda/Charlotte County CoC,511,164,69,278,72,29,5,38,127,54,6,67,4,0,4,203,83
FL-603, Ft Myers Cape Coral/Lee County CoC ,871,103,58,710,249,59,11,179,178,13,20,145,0,0,0,427,72
FL-604,Monroe County CoC,678,61,38,579,235,30,10,195,148,13,4,131,0,0,0,383,43
FL-605,West Palm Beach/Palm Beach County CoC, 1596 ,206,67, 1,323 ,297,73,16,208,333,47,17,269,19,0,19,649
FL-606,Naples/Collier County CoC,361,50,27,284,198,27,11,160,128,17,12,99,0,0,0,326,44
GA-500,Atlanta CoC, 4797 ,411,335, 4,051 , 1,988 ,192,168, 1,628 , 1,434 ,176,110, 1,148 
GA-501,Georgia Balance of State CoC, 7577 , 1,537 ,567, 5,473 , 1,298 ,473,100,725,962,573,81,308,0,0
GA-502,Fulton County CoC,477,136,39,302,57,32,0,25,317,99,28,190,0,0,0,374,131
GA-503,Athens-Clarke County CoC,247,30,24,193,106,14,9,83,54,16,8,30,0,0,0,160,30
GA-504,Augusta-Richmond County CoC,472,70,35,367,192,25,12,155,134,35,11,88,0,0,0,326,60
GA-505,Columbus-Muscogee CoC,312,36,39,237,164,36,23,105,35,0,2,33,0,0,0,199,36
GA-506,Marietta/Cobb County CoC,523,148,17,358,139,33,2,104,240,102,9,129,0,0,0,379,135
GA-507,Savannah/Chatham County CoC, 1315 ,101,108, 1,106 ,294,63,7,224,280,38,9,233,0,0,0,574
GA-508,DeKalb County CoC,801,247,82,472,203,94,47,62,317,142,20,155,0,0,0,520,236
GU-500,Guam CoC, 1356 ,535,149,672,57,27,5,25,69,22,5,42,0,0,0,126,49
HI-500,Hawaii Balance of State CoC, 2206 ,490,193, 1,523 ,281,96,28,157,453,196,26,231,0,0,0,734
HI-501,Honolulu City and County CoC, 4712 , 1,374 ,314, 3,024 ,881,325,54,502, 2,173 ,935,148, 1,090 ,25
IA-500, Sioux City/Dakota Woodbury Counties CoC ,297,88,43,166,140,25,10,105,128,63,30,35,0,0,0,268,88
IA-501,Iowa Balance of State CoC, 1939 ,745,185, 1,009 ,816,224,80,512, 1,058 ,509,102,447,0,0,0
IA-502,Des Moines/Polk County CoC,886,197,83,606,431,69,46,316,353,128,31,194,0,0,0,784,197
ID-500,Boise/Ada County CoC,753,117,46,590,439,62,37,340,268,54,7,207,0,0,0,707,116
ID-501,Idaho Balance of State CoC, 1351 ,401,140,810,300,75,37,188,461,193,46,222,0,0,0,761,268
IL-500,McHenry County CoC,166,31,15,120,76,7,10,59,85,24,4,57,0,0,0,161,31
IL-501, Rockford/DeKalb Winnebago Boone Counties CoC ,506,123,60,323,273,59,33,181,196,61,20,115,0,0,0,469,120
IL-502, Waukegan North Chicago/Lake County CoC ,409,129,25,255,213,79,15,119,176,50,10,116,15,0,15,404,129
IL-503, Champaign Urbana Rantoul/Champaign County CoC ,205,41,21,143,14,4,4,6,179,37,17,125,0,0,0,193,41
IL-504,Madison County CoC,240,107,23,110,107,43,11,53,117,64,10,43,0,0,0,224,107
IL-506, Joliet Bolingbrook/Will County CoC ,309,82,18,209,165,31,17,117,129,51,0,78,0,0,0,294,82
IL-507, Peoria Pekin/Fulton Tazewell Peoria Woodford Counties CoC ,405,104,43,258,234,47,20,167,145,55,21,69,0,0,0,379,102
IL-508, East St. Louis Belleville/St. Clair County CoC ,339,114,29,196,92,46,14,32,109,46,7,56,0,0,0,201,92
IL-510,Chicago CoC, 6287 , 1,652 ,626, 4,009 , 1,864 ,168,134, 1,562 , 3,424 , 1,482 ,419
IL-511,Cook County CoC, 1182 ,345,101,736,468,84,32,352,549,258,61,230,14,2,12, 1,031 
IL-512,Bloomington/Central Illinois CoC,669,169,182,318,438,115,125,198,96,30,23,43,19,2,17,553,145
IL-513,Springfield/Sangamon County CoC,269,64,33,172,139,28,12,99,109,31,16,62,0,0,0,248,59
IL-514,DuPage County CoC,654,221,76,357,216,41,8,167,409,180,68,161,0,0,0,625,221
IL-515,South Central Illinois CoC,118,50,20,48,53,16,8,29,61,34,10,17,0,0,0,114,50
IL-516,Decatur/Macon County CoC,256,80,20,156,115,22,15,78,75,48,2,25,0,0,0,190,70
IL-517, Aurora Elgin/Kane County CoC ,405,63,39,303,278,24,28,226,81,39,10,32,0,0,0,359,63
IL-518, Rock Island Moline/Northwestern Illinois CoC ,218,87,26,105,63,8,5,50,145,79,21,45,9,0,9,217,87
IL-519,West Central Illinois CoC,145,44,35,66,60,7,14,39,80,37,21,22,0,0,0,140,44
IL-520,Southern Illinois CoC,325,86,58,181,163,43,20,100,116,37,22,57,0,0,0,279,80
IN-502,Indiana Balance of State CoC, 4081 ,917,397, 2,767 , 2,385 ,458,236, 1,691 , 1,367 ,452,107,808,0
IN-503,Indianapolis CoC, 1890 ,360,149, 1,381 ,991,160,111,720,803,199,35,569,22,1,21, 1
KS-502,Wichita/Sedgwick County CoC,631,125,47,459,403,59,22,322,135,66,16,53,10,0,10,548,125
KS-503,Topeka/Shawnee County CoC,416,100,22,294,300,65,17,218,85,35,1,49,0,0,0,385,100
KS-505, Overland Park Shawnee/Johnson County CoC ,167,90,10,67,74,40,3,31,86,48,6,32,0,0,0,160,88
KS-507,Kansas Balance of State CoC, 1307 ,316,93,898,635,94,54,487,590,219,32,339,0,0,0, 1,225 
KY-500,Kentucky Balance of State CoC, 2229 ,572,242, 1,415 , 1,093 ,253,101,739,466,173,52,241,0,0,0
KY-501,Louisville-Jefferson County CoC, 1316 ,228,98,990,723,116,51,556,512,112,43,357,11,0,11, 1,246 
KY-502,Lexington-Fayette County CoC, 1544 ,273,144, 1,127 ,566,48,44,474,887,225,98,564,0,0,0, 1
LA-500,Lafayette/Acadiana CoC,471,121,26,324,184,32,11,141,257,89,13,155,0,0,0,441,121
LA-502, Shreveport Bossier/Northwest Louisiana CoC ,655,245,32,378,168,29,4,135,357,216,23,118,4,4,0,529,245
LA-503,New Orleans/Jefferson Parish CoC, 1981 ,220,290, 1,471 ,593,49,92,452,555,163,74,318,15,0,15, 1
LA-505,Monroe/Northeast Louisiana CoC,220,75,33,112,63,15,8,40,116,52,22,42,3,0,3,182,67
LA-506,Slidell/Southeast Louisiana CoC,262,63,16,183,84,10,2,72,135,47,8,80,0,0,0,219,57
LA-507,Alexandria/Central Louisiana CoC,141,21,1,119,55,0,0,55,73,21,1,51,0,0,0,128,21
LA-509,Louisiana Balance of State CoC,876,115,72,689,304,81,13,210,537,34,58,445,0,0,0,841,115
MA-500,Boston CoC, 5987 , 2,405 ,413, 3,169 , 4,675 , 2,267 ,373, 2,035 , 1,108 ,138,22
MA-502,Lynn CoC,382,152,47,183,320,146,39,135,52,6,3,43,0,0,0,372,152
MA-503,Cape Cod Islands CoC,381,90,56,235,246,84,26,136,49,0,13,36,0,0,0,295,84
MA-504,Springfield/Hampden County CoC, 2690 , 1,386 ,285, 1,019 , 2,424 , 1,312 ,244,868,224,72,38,114,7
MA-505,New Bedford CoC,349,68,46,235,120,51,11,58,213,17,32,164,0,0,0,333,68
MA-506,Worcester City & County CoC, 1796 ,802,176,818, 1,358 ,705,134,519,376,96,37,243,13,0,13, 1
MA-507, Pittsfield/Berkshire Franklin Hampshire Counties CoC ,753,138,95,520,386,123,69,194,338,15,21,302,0,0,0,724,138
MA-508,Lowell CoC,588,231,66,291,434,176,62,196,119,55,4,60,0,0,0,553,231
MA-509,Cambridge CoC,551,100,37,414,297,42,21,234,207,58,16,133,0,0,0,504,100
MA-510, Gloucester Haverhill Salem/Essex County CoC , 1,487 ,687,49,751, 1,290 ,647,45,598,112,40,4,68,11,0,11
MA-511, Quincy Brockton Weymouth Plymouth City and County CoC , 1,643 ,674,147,822, 1,508 ,647,137,724,95,27,10,58,0,0,0
MA-515,Fall River CoC,354,98,84,172,159,54,26,79,117,44,20,53,0,0,0,276,98
MA-516,Massachusetts Balance of State CoC, 3900 , 1,963 ,401, 1,536 , 3,373 , 1,760 ,354, 1,259 ,453,203,43,207
MA-517,Somerville CoC,154,37,24,93,94,28,12,54,56,9,12,35,0,0,0,150,37
MA-519, Attleboro Taunton/Bristol County CoC ,222,85,49,88,151,76,23,52,57,9,25,23,0,0,0,208,85
MD-500,Cumberland/Allegany County CoC,120,35,11,74,65,15,8,42,40,18,2,20,0,0,0,105,33
MD-501,Baltimore CoC, 2567 ,396,143, 2,028 ,956,126,57,773, 1,279 ,246,72,961,37,0,37
MD-502,Harford County CoC,223,87,22,114,141,53,14,74,76,34,8,34,0,0,0,217,87
MD-503,Annapolis/Anne Arundel County CoC,384,106,21,257,251,61,15,175,82,45,2,35,0,0,0,333,106
MD-504,Howard County CoC,170,38,14,118,114,24,6,84,34,14,7,13,0,0,0,148,38
MD-505,Baltimore County CoC,569,111,75,383,366,92,47,227,26,19,0,7,0,0,0,392,111
MD-506,Carroll County CoC,124,23,9,92,77,12,8,57,19,11,1,7,22,0,22,118,23
MD-507,Cecil County CoC,195,36,6,153,69,11,1,57,90,25,0,65,0,0,0,159,36
MD-508, Charles Calvert St.Mary's Counties CoC , 1,141 ,356,104,681,401,100,43,258,150,50,11,89,0,0,0,551
MD-509,Frederick City & County CoC,246,64,12,170,86,9,6,71,111,55,6,50,0,0,0,197,64
MD-510,Garrett County CoC,13,4,0,9,3,0,0,3,5,1,0,4,0,0,0,8,1
MD-511,Mid-Shore Regional CoC,111,19,15,77,68,7,10,51,25,11,4,10,0,0,0,93,18
MD-512,Hagerstown/Washington County CoC,107,26,8,73,89,26,7,56,14,0,0,14,0,0,0,103,26
MD-513, Wicomico Somerset Worcester Counties CoC ,336,52,25,259,247,30,17,200,48,18,5,25,0,0,0,295,48
MD-600,Prince George's County CoC,659,274,63,322,255,106,22,127,225,111,19,95,0,0,0,480,217
MD-601,Montgomery County CoC,891,185,64,642,515,107,43,365,245,78,10,157,36,1,35,796,185
ME-500,Maine Statewide CoC, 2726 ,793,315, 1,618 , 1,107 ,229,142,736, 1,515 ,558,148,809,11,0
MI-500,Michigan Balance of State CoC, 2253 ,764,351, 1,138 ,769,242,97,430,967,445,138,384,0,0,0, 1
MI-501,Detroit CoC, 2755 ,351,243, 2,161 , 1,332 ,182,139, 1,011 , 1,120 ,166,93,861,21
MI-502, Dearborn Dearborn Heights Westland/Wayne County CoC ,456,177,34,245,152,77,14,61,269,100,20,149,13,0,13,434,177
MI-503, St. Clair Shores Warren/Macomb County CoC ,343,27,39,277,246,23,25,198,55,4,8,43,0,0,0,301,27
MI-504, Pontiac Royal Oak/Oakland County CoC ,457,100,46,311,241,20,19,202,141,80,27,34,0,0,0,382,100
MI-505,Flint/Genesee County CoC,635,119,62,454,164,43,8,113,124,27,16,81,0,0,0,288,70
MI-506, Grand Rapids Wyoming/Kent County CoC ,793,258,83,452,345,64,27,254,415,194,54,167,0,0,0,760,258
MI-507, Portage Kalamazoo City & County CoC ,681,248,68,365,465,131,36,298,206,114,31,61,0,0,0,671,245
MI-508, Lansing East Lansing/Ingham County CoC ,429,89,39,301,361,81,32,248,53,8,7,38,0,0,0,414,89
MI-509,Washtenaw County CoC,545,79,57,409,254,34,29,191,125,40,14,71,0,0,0,379,74
MI-510,Saginaw City & County CoC,325,94,32,199,164,49,19,96,143,43,11,89,6,1,5,313,92
MI-511,Lenawee County CoC,138,65,12,61,76,26,8,42,42,28,3,11,0,0,0,118,54
MI-512, Grand Traverse Antrim Leelanau Counties CoC ,396,103,67,226,228,51,42,135,113,52,25,36,0,0,0,341,103
MI-513, Marquette Alger Counties CoC ,80,21,11,48,53,13,5,35,22,8,6,8,0,0,0,75,21
MI-514,Battle Creek/Calhoun County CoC,284,57,20,207,123,38,10,75,107,19,5,83,0,0,0,230,57
MI-515,Monroe City & County CoC,185,26,26,133,90,13,21,56,92,13,5,74,0,0,0,182,26
MI-516, Norton Shores Muskegon City & County CoC ,584,216,109,259,96,23,11,62,80,4,29,47,0,0,0,176,27
MI-517,Jackson City & County CoC,240,82,23,135,91,21,8,62,116,61,13,42,0,0,0,207,82
MI-518,Livingston County CoC,135,32,25,78,44,11,9,24,61,21,6,34,0,0,0,105,32
MI-519,Holland/Ottawa County CoC,387,165,39,183,177,57,22,98,202,108,17,77,0,0,0,379,165
MI-523,Eaton County CoC,126,72,10,44,42,21,1,20,69,45,7,17,0,0,0,111,66
MN-500,Minneapolis/Hennepin County CoC, 3731 , 1,361 ,329, 2,041 , 2,510 ,999,174, 1,337 , 1,011 ,355,149,507
MN-501,Saint Paul/Ramsey County CoC, 1500 ,514,206,780,712,180,85,447,720,330,118,272,0,0,0, 1,432 
MN-502,Rochester/Southeast Minnesota CoC,482,229,52,201,222,86,25,111,236,140,23,73,0,0,0,458,226
MN-503, Dakota Anoka Washington Scott Carver Counties ,735,301,97,337,254,94,32,128,383,190,47,146,0,0,0,637,284
MN-504,Northeast Minnesota CoC,200,71,43,86,9,3,3,3,57,29,5,23,0,0,0,66,32
MN-505,St. Cloud/Central Minnesota CoC,607,159,96,352,235,74,17,144,265,80,46,139,0,0,0,500,154
MN-506,Northwest Minnesota CoC,299,129,44,126,159,62,10,87,121,60,31,30,0,0,0,280,122
MN-508,Moorhead/West Central Minnesota CoC,214,66,13,135,145,34,4,107,58,32,5,21,0,0,0,203,66
MN-509,Duluth/St.Louis County CoC,429,117,75,237,116,22,12,82,189,90,43,56,0,0,0,305,112
MN-511,Southwest Minnesota CoC,180,87,28,65,52,24,6,22,128,63,22,43,0,0,0,180,87
MO-500,St. Louis County CoC,402,150,70,182,164,81,19,64,183,67,43,73,0,0,0,347,148
MO-501,St.Louis City CoC, 1354 ,426,73,855,641,172,26,443,598,249,43,306,19,0,19, 1,258 
MO-503, St. Charles City & County Lincoln Warren Counties CoC ,896,315,107,474,463,209,42,212,151,41,28,82,0,0,0,614,250
MO-600, Springfield/Greene Christian Webster Counties CoC ,656,117,42,497,249,41,2,206,323,76,36,211,0,0,0,572,117
MO-602, Joplin/Jasper Newton Counties CoC ,315,99,30,186,120,25,11,84,161,72,17,72,0,0,0,281,97
MO-603, St. Joseph/Andrew Buchanan DeKalb Counties CoC ,200,55,11,134,113,25,6,82,63,30,5,28,18,0,18,194,55
MO-604a, Kansas City Independence Leeâ€™s Summit/Jackson Wyandotte Counties MO & KS , 2,193 ,368,135, 1,690 ,966,81,48,837,941,273,55,613,11,4,7
MO-606,Missouri Balance of State CoC, 1528 ,456,146,926,853,282,73,498,480,130,48,302,8,0,8, 1,341 
MS-500, Jackson/Rankin Madison Counties CoC ,846,124,103,619,232,49,28,155,279,75,38,166,0,0,0,511,124
MS-501,Mississippi Balance of State CoC,954,183,59,712,343,57,19,267,357,103,30,224,0,0,0,700,160
MS-503,Gulf Port/Gulf Coast Regional CoC,426,48,22,356,157,31,8,118,37,17,2,18,0,0,0,194,48
MT-500,Montana Statewide CoC, 1745 ,354,232, 1,159 ,471,83,42,346,440,169,40,231,0,0,0,911
NC-500,Winston-Salem/Forsyth County CoC,515,64,27,424,414,58,24,332,82,6,2,74,0,0,0,496,64
NC-501,Asheville/Buncombe County CoC,530,36,21,473,237,27,12,198,228,9,4,215,0,0,0,465,36
NC-502,Durham City & County CoC,811,108,39,664,337,38,18,281,421,70,21,330,0,0,0,758,108
NC-503,North Carolina Balance of State CoC, 3195 ,749,271, 2,175 , 1,813 ,426,154, 1,233 ,695,233,47,415,0,0
NC-504, Greensboro High Point CoC ,897,174,77,646,452,69,40,343,346,105,33,208,0,0,0,798,174
NC-505,Charlotte/Mecklenberg CoC, 2014 ,535,151, 1,328 , 1,045 ,249,81,715,805,280,62,463,0,0,0
NC-506, Wilmington/Brunswick New Hanover Pender Counties CoC ,321,40,27,254,163,18,18,127,71,18,2,51,0,0,0,234,36
NC-507,Raleigh/Wake County CoC, 1170 ,228,90,852,718,112,57,549,328,100,27,201,0,0,0, 1,046 
NC-509, Gastonia/Cleveland Gaston Lincoln Counties CoC ,423,67,38,318,183,41,20,122,49,5,8,36,0,0,0,232,46
NC-511,Fayetteville/Cumberland County CoC,653,178,73,402,104,10,22,72,164,75,18,71,0,0,0,268,85
NC-513,Chapel Hill/Orange County CoC,108,17,3,88,73,0,2,71,26,17,0,9,0,0,0,99,17
NC-516,Northwest North Carolina CoC,854,352,211,291,92,19,15,58,28,7,3,18,0,0,0,120,26
ND-500,North Dakota Statewide CoC, 1258 ,217,129,912,639,128,66,445,155,41,26,88,0,0,0,794,169
NE-500,Nebraska Balance of State CoC,560,192,70,298,203,63,26,114,320,127,43,150,0,0,0,523,190
NE-501, Omaha Council Bluffs CoC , 1,630 ,345,145, 1,140 , 1,041 ,174,91,776,563,159,53,351,0,0
NE-502,Lincoln CoC,836,228,96,512,340,77,30,233,450,151,64,235,0,0,0,790,228
NH-500,New Hampshire Balance of State CoC,689,183,72,434,459,108,34,317,168,68,31,69,0,0,0,627,176
NH-501,Manchester CoC,407,91,37,279,146,18,9,119,198,73,25,100,4,0,4,348,91
NH-502,Nashua/Hillsborough County CoC,280,55,30,195,105,10,13,82,160,45,14,101,3,0,3,268,55
NJ-500,Atlantic City & County CoC,544,33,61,450,469,32,59,378,7,1,1,5,0,0,0,476,33
NJ-501,Bergen County CoC,371,99,44,228,162,34,14,114,176,64,29,83,0,0,0,338,98
NJ-502,Burlington County CoC, 1020 ,310,109,601,984,305,107,572,15,4,1,10,0,0,0,999,309
NJ-503, Camden City & County/Gloucester Cape May Cumberland Counties CoC , 1,695 ,451,190, 1,054 , 1,306 ,398,156,752,256,49,25,182,31,3
NJ-504,Newark/Essex County CoC, 1483 ,349,216,918,879,163,126,590,375,186,82,107,6,0,6, 1,260 
NJ-506, Jersey City Bayonne/Hudson County CoC ,821,169,71,581,488,110,47,331,167,58,15,94,0,0,0,655,168
NJ-507,New Brunswick/Middlesex County CoC,802,255,64,483,532,199,48,285,168,54,13,101,0,0,0,700,253
NJ-508,Monmouth County CoC,588,239,60,289,392,151,34,207,184,88,26,70,0,0,0,576,239
NJ-509,Morris County CoC,389,82,38,269,203,40,17,146,138,42,16,80,18,1,17,359,82
NJ-510,Lakewood Township/Ocean County CoC,627,182,63,382,523,162,53,308,46,20,8,18,0,0,0,569,182
NJ-511,Paterson/Passaic County CoC,376,122,30,224,304,86,22,196,68,36,8,24,0,0,0,372,122
NJ-512,Salem County CoC,42,24,2,16,20,16,1,3,18,8,1,9,0,0,0,38,24
NJ-513,Somerset County CoC,323,66,40,217,167,58,16,93,143,7,22,114,0,0,0,310,65
NJ-514,Trenton/Mercer County CoC,632,120,68,444,393,97,41,255,201,19,27,155,0,0,0,594,116
NJ-515,Elizabeth/Union County CoC, 1679 ,741,115,823,665,222,67,376,966,518,46,402,0,0,0, 1,631 
NJ-516, Warren Sussex Hunterdon Counties CoC ,279,45,27,207,205,33,19,153,61,11,7,43,0,0,0,266,44
NM-500,Albuquerque CoC, 1254 ,274,67,913,614,93,18,503,496,180,34,282,0,0,0, 1,110 
NM-501,New Mexico Balance of State CoC, 1492 ,476,176,840,795,197,68,530,413,236,44,133,0,0,0, 1,208 
NV-500,Las Vegas/Clark County CoC, 7443 , 1,447 , 1,121 , 4,875 , 3,145 ,568,237, 2,340 ,794,137,105,552
NV-501, Reno Sparks/Washoe County CoC ,769,54,65,650,349,46,14,289,323,8,37,278,0,0,0,672,54
NV-502,Nevada Balance of State CoC,370,41,20,309,88,13,3,72,88,26,4,58,0,0,0,176,39
NY-500, Rochester Irondequoit Greece/Monroe County CoC ,838,220,196,422,515,128,130,257,258,87,56,115,14,0,14,787,215
NY-501, Elmira/Steuben Allegany Livingston Chemung Schuyler Counties CoC ,512,81,92,339,74,17,13,44,291,50,52,189,0,0,0,365,67
NY-503,Albany City & County CoC,650,129,43,478,470,87,17,366,151,42,26,83,0,0,0,621,129
NY-504,Cattaragus County CoC,33,13,5,15,16,4,2,10,15,9,3,3,0,0,0,31,13
NY-505, Syracuse Auburn/Onondaga Oswego Cayuga Counties CoC , 1,024 ,172,122,730,601,93,57,451,407,79,61,267,0,0,0, 1
NY-507,Schenectady City & County CoC,243,64,39,140,185,54,30,101,34,10,5,19,0,0,0,219,64
NY-508, Buffalo Niagara Falls/Erie Niagara Orleans Genesee Wyoming Counties CoC , 1,088 ,277,111,700,547,119,44,384,459,158,62,239,15,0,15, 1
NY-510,Ithaca/Tompkins County CoC,47,16,11,20,19,8,2,9,16,7,7,2,0,0,0,35,15
NY-511, Binghamton Union Town/Broome Otsego Chenango Delaware Cortland Tioga Count ,309,35,78,196,129,24,31,74,141,3,32,106,0,0,0,270,27
NY-512,Troy/Rensselaer County CoC,216,85,20,111,127,67,11,49,37,18,1,18,0,0,0,164,85
NY-513, Wayne Ontario Seneca Yates Counties CoC ,92,9,10,73,47,9,10,28,33,0,0,33,12,0,12,92,9
NY-514, Jamestown Dunkirk/Chautauqua County CoC ,53,20,7,26,34,17,2,15,17,3,5,9,0,0,0,51,20
NY-516,Clinton County CoC,133,24,15,94,131,24,15,92,0,0,0,0,0,0,0,131,24
NY-518, Utica Rome/Oneida Madison Counties CoC ,159,37,31,91,86,13,12,61,56,24,18,14,0,0,0,142,37
NY-519, Columbia Greene Counties CoC ,128,40,19,69,122,37,18,67,5,3,1,1,0,0,0,127,40
NY-520, Franklin Essex Counties CoC ,78,20,27,31,62,19,20,23,11,0,4,7,0,0,0,73,19
NY-522, Jefferson Lewis St. Lawrence Counties CoC ,149,34,46,69,21,6,5,10,118,26,37,55,7,3,4,146,32
NY-523, Glens Falls Saratoga Springs/Saratoga Washington Warren Hamilton Counties Co ,262,53,29,180,202,39,22,141,53,14,6,33,0,0,0,255,53
NY-600,New York City CoC, 67810 , 24,693 , 6,965 , 36,152 , 59,127 , 24,040 , 6,118 , 28,969 , 5,185 
NY-601,Poughkeepsie/Dutchess County CoC,403,134,40,229,215,76,16,123,181,58,22,101,0,0,0,396,134
NY-602, Newburgh Middletown/Orange County CoC ,421,98,42,281,250,76,20,154,49,22,8,19,0,0,0,299,98
NY-603, Nassau Suffolk Counties CoC , 3,207 , 1,380 ,328, 1,499 , 2,553 , 1,167 ,246, 1,140 ,590,213,61
NY-604, Yonkers Mount Vernon/Westchester County CoC , 2,138 ,784,255, 1,099 ,904,204,109,591, 1,214 ,580,142,492,0,0
NY-606,Rockland County CoC,125,28,11,86,66,21,3,42,40,7,8,25,0,0,0,106,28
NY-607,Sullivan County CoC,131,34,15,82,130,34,15,81,0,0,0,0,0,0,0,130,34
NY-608,Kingston/Ulster County CoC,341,108,51,182,260,86,41,133,44,12,10,22,0,0,0,304,98
OH-500,Cincinnati/Hamilton County CoC, 1043 ,192,104,747,733,172,72,489,293,20,32,241,0,0,0, 1,026 
OH-501,Toledo/Lucas County CoC,809,204,51,554,498,99,33,366,291,105,18,168,11,0,11,800,204
OH-502,Cleveland/Cuyahoga County CoC, 2103 ,354,168, 1,581 , 1,247 ,187,112,948,808,167,55,586,20,0,20
OH-503,Columbus/Franklin County CoC, 1614 ,294,184, 1,136 , 1,251 ,285,136,830,130,9,28,93,0,0,0
OH-504,Youngstown/Mahoning County CoC,256,54,19,183,152,21,13,118,94,33,6,55,2,0,2,248,54
OH-505, Dayton Kettering/Montgomery County CoC ,791,135,103,553,535,87,40,408,222,48,63,111,0,0,0,757,135
OH-506, Akron Barberton/Summit County CoC ,870,199,81,590,316,67,21,228,367,122,49,196,10,0,10,693,189
OH-507,Ohio Balance of State CoC, 3806 , 1,004 ,465, 2,337 , 2,052 ,506,266, 1,280 , 1,185 ,415,139,631
OH-508, Canton Massillon Alliance/Stark County CoC ,531,163,61,307,259,82,21,156,214,79,36,99,20,0,20,493,161
OK-500,North Central Oklahoma CoC,201,56,34,111,75,22,6,47,79,28,18,33,0,0,0,154,50
OK-501,Tulsa City & County CoC, 1010 ,177,103,730,597,94,37,466,261,80,31,150,50,1,49,908,174
OK-502,Oklahoma City CoC, 1481 ,144,86, 1,251 , 1,029 ,111,66,852,194,33,7,154,0,0,0
OK-503,Oklahoma Balance of State CoC,295,87,22,186,140,35,5,100,14,5,4,5,0,0,0,154,40
OK-504,Norman/Cleveland County CoC,140,31,10,99,91,22,7,62,27,9,0,18,0,0,0,118,31
OK-505,Northeast Oklahoma CoC,383,100,60,223,259,71,38,150,41,4,3,34,0,0,0,300,75
OK-506,Southwest Oklahoma Regional CoC,239,57,30,152,96,34,5,57,81,22,23,36,0,0,0,177,56
OK-507,Southeastern Oklahoma Regional CoC,442,97,75,270,212,49,28,135,13,2,1,10,0,0,0,225,51
OR-500, Eugene Springfield/Lane County CoC , 1,767 ,265,173, 1,329 ,338,40,8,290,327,161,43,123,0,0,0
OR-501, Portland Gresham/Multnomah County CoC , 3,927 ,543,325, 3,059 ,679,151,48,480, 1,353 ,319,100,934,0,0
OR-502, Medford Ashland/Jackson County CoC ,625,90,43,492,252,11,9,232,147,32,12,103,0,0,0,399,43
OR-503,Central Oregon CoC,568,187,52,329,107,23,13,71,216,106,16,94,0,0,0,323,129
OR-505,Oregon Balance of State CoC, 4122 , 1,226 ,462, 2,434 , 1,272 ,195,107,970, 1,072 ,380,129,563,0
OR-506, Hillsboro Beaverton/Washington County CoC ,537,146,62,329,82,39,20,23,106,16,14,76,10,1,9,198,55
OR-507,Clackamas County CoC,618,228,57,333,37,22,1,14,103,56,18,29,0,0,0,140,78
PA-500,Philadelphia CoC, 5738 , 1,674 ,647, 3,417 , 3,642 ,978,348, 2,316 , 1,622 ,696,245,681
PA-501,Harrisburg/Dauphin County CoC,396,99,42,255,192,38,28,126,138,61,12,65,27,1,26,357,99
PA-502, Upper Darby Chester Haverford/Delaware County CoC ,509,136,61,312,280,71,31,178,182,65,30,87,0,0,0,462,136
PA-503, Wilkes-Barre Hazleton/Luzerne County CoC ,192,49,28,115,83,17,9,57,97,32,19,46,0,0,0,180,49
PA-504, Lower Merion Norristown Abington/Montgomery County CoC ,438,157,33,248,212,52,23,137,220,105,9,106,0,0,0,432,157
PA-505,Chester County CoC,679,119,58,502,267,41,33,193,365,73,24,268,8,0,8,640,114
PA-506,Reading/Berks County CoC,604,51,86,467,301,37,29,235,292,14,56,222,0,0,0,593,51
PA-508,Scranton/Lackawanna County CoC,287,112,29,146,90,25,11,54,188,87,18,83,4,0,4,282,112
PA-509,Eastern Pennsylvania CoC, 2021 ,662,282, 1,077 ,861,253,128,480,925,390,132,403,0,0,0, 1
PA-510,Lancaster City & County CoC,498,137,69,292,251,51,38,162,241,86,31,124,0,0,0,492,137
PA-511, Bristol Bensalem/Bucks County CoC ,492,194,68,230,154,34,12,108,310,160,54,96,0,0,0,464,194
PA-512,York City & County CoC,302,92,25,185,162,47,14,101,110,33,6,71,0,0,0,272,80
PA-600, Pittsburgh McKeesport Penn Hills/Allegheny County CoC , 1,573 ,364,166, 1,043 ,493,118,55,320,897,246,101,550,75,1,74
PA-601,Western Pennsylvania CoC, 1101 ,314,112,675,490,97,45,348,508,210,54,244,47,4,43, 1,045 
PA-603,Beaver County CoC,95,25,8,62,40,15,3,22,53,10,5,38,0,0,0,93,25
PA-605,Erie City & County CoC,408,102,61,245,215,36,27,152,146,50,16,80,0,0,0,361,86
PR-502,Puerto Rico Balance of Commonwealth CoC, 2085 ,211,139, 1,735 ,222,30,20,172,675,139,64,472,21,0,21,918
PR-503,South-Southeast Puerto Rico CoC, 2047 ,187,70, 1,790 ,184,11,14,159,261,63,18,180,43,0,43,488
RI-500,Rhode Island Statewide CoC, 1190 ,251,99,840,803,132,71,600,345,118,24,203,22,0,22, 1,170 
SC-500,Charleston/Low Country CoC,516,60,33,423,229,45,20,164,150,13,8,129,0,0,0,379,58
SC-501, Greenville Anderson Spartanburg/Upstate CoC , 1,636 ,381,129, 1,126 ,673,137,50,486,561,209,53,299,12,0,12
SC-502,Columbia/Midlands CoC, 1588 ,245,92, 1,251 ,693,88,44,561,469,121,25,323,0,0,0, 1
SC-503, Myrtle Beach Sumter City & County CoC , 1,317 ,172,112, 1,033 ,187,33,17,137,275,22,28,225,0,0,0
SD-500,South Dakota Statewide CoC,885,247,79,559,528,130,38,360,302,109,39,154,0,0,0,830,239
TN-500,Chattanooga/Southeast Tennessee CoC,627,125,44,458,352,61,22,269,104,41,9,54,0,0,0,456,102
TN-501,Memphis/Shelby County CoC, 1675 ,357,105, 1,213 ,617,85,39,493,937,272,62,603,0,0,0, 1
TN-502,Knoxville/Knox County CoC,861,77,51,733,521,49,28,444,259,25,16,218,0,0,0,780,74
TN-503,Central Tennessee CoC,286,32,28,226,121,30,13,78,119,0,10,109,0,0,0,240,30
TN-504,Nashville-Davidson County CoC, 2234 ,170,98, 1,966 , 1,593 ,97,87, 1,409 ,422,73,11,338,12,0
TN-506,Upper Cumberland CoC,342,52,91,199,109,16,20,73,75,23,5,47,0,0,0,184,39
TN-507,Jackson/West Tennessee CoC, 1601 ,155,87, 1,359 ,138,16,10,112,62,19,7,36,5,0,5,205
TN-509,Appalachian Regional CoC,598,93,68,437,291,50,30,211,141,41,10,90,0,0,0,432,91
TN-510,Murfreesboro/Rutherford County CoC,258,39,69,150,141,34,38,69,41,5,6,30,0,0,0,182,39
TN-512, Morristown/Blount Sevier Campbell Cocke Counties CoC ,933,290,97,546,277,106,30,141,46,9,6,31,0,0,0,323,115
TX-500,San Antonio/Bexar County CoC, 2892 ,649,195, 2,048 , 1,037 ,244,64,729,890,398,49,443,43,2,41
TX-503,Austin/Travis County CoC, 1987 ,482,167, 1,338 ,991,177,79,735,535,300,64,171,13,0,13, 1
TX-600, Dallas City & County Irving CoC , 3,514 , 1,058 ,224, 2,232 , 2,072 ,583,98, 1,391 , 1,176 ,470,117
TX-601, Fort Worth Arlington/Tarrant County CoC , 2,425 ,694,156, 1,575 , 1,273 ,232,71,970,948,462,77,409,20,1
TX-603,El Paso City & County CoC, 1260 ,379,105,776,613,133,61,419,446,246,36,164,20,1,19, 1,079 
TX-604,Waco/McLennan County CoC,246,61,19,166,108,24,6,78,94,37,10,47,0,0,0,202,61
TX-607,Texas Balance of State CoC, 9943 , 1,350 ,755, 7,838 , 2,774 ,499,168, 2,107 , 1,289 ,198,103,988
TX-611,Amarillo CoC,451,105,32,314,369,51,31,287,79,54,1,24,0,0,0,448,105
TX-624, Wichita Falls/Wise Palo Pinto Wichita Archer Counties CoC ,281,68,6,207,231,55,4,172,28,10,2,16,0,0,0,259,65
TX-700, Houston Pasadena Conroe/Harris Ft. Bend Montgomery Counties CoC , 5,308 ,985,442, 3,881 , 1,033 ,303,85,645, 1,971 ,620,142, 1,209 
TX-701, Bryan College Station/Brazos Valley CoC ,188,42,42,104,100,24,13,63,38,15,7,16,0,0,0,138,39
UT-500,Salt Lake City & County CoC, 2150 ,511,124, 1,515 , 1,362 ,288,77,997,631,220,30,381,47,1,46
UT-503,Utah Balance of State CoC,782,320,73,389,343,74,42,227,271,151,22,98,0,0,0,614,225
UT-504,Provo/Mountainland CoC,149,49,10,90,57,13,7,37,57,33,2,22,0,0,0,114,46
VA-500, Richmond/Henrico Chesterfield Hanover Counties CoC ,846,108,55,683,414,61,28,325,351,47,24,280,16,0,16,781,108
VA-501, Norfolk Chesapeake Suffolk/Isle of Wight Southampton Counties CoC ,668,107,39,522,473,44,32,397,157,63,6,88,0,0,0,630,107
VA-502, Roanoke City & County Salem CoC ,440,67,55,318,364,54,53,257,69,13,2,54,0,0,0,433,67
VA-503,Virginia Beach CoC,440,139,20,281,180,42,8,130,202,97,12,93,0,0,0,382,139
VA-504,Charlottesville CoC,204,41,10,153,128,10,6,112,50,31,2,17,0,0,0,178,41
VA-505, Newport News Hampton/Virginia Peninsula CoC ,525,114,23,388,389,80,19,290,86,34,1,51,22,3,19,497,114
VA-507,Portsmouth CoC,160,33,97,30,69,16,42,11,48,17,17,14,0,0,0,117,33
VA-508,Lynchburg CoC,220,61,21,138,159,39,15,105,58,22,5,31,0,0,0,217,61
VA-513, Harrisburg Winchester/Western Virginia CoC ,249,54,15,180,237,52,13,172,0,0,0,0,0,0,0,237,52
VA-514, Fredericksburg/Spotsylvania Stafford Counties CoC ,201,51,13,137,140,30,9,101,31,21,1,9,0,0,0,171,51
VA-521,Virginia Balance of State CoC,662,223,57,382,438,147,46,245,108,62,4,42,0,0,0,546,209
VA-600,Arlington County CoC,291,70,18,203,172,37,13,122,62,33,3,26,6,0,6,240,70
VA-601,Fairfax County CoC, 1225 ,407,109,709,667,153,44,470,484,254,63,167,8,0,8, 1,159 
VA-602,Loudoun County CoC,177,62,22,93,80,22,10,48,71,40,6,25,0,0,0,151,62
VA-603,Alexandria CoC,267,52,20,195,165,20,12,133,69,32,8,29,10,0,10,244,52
VA-604,Prince William County CoC,445,161,25,259,206,70,15,121,141,91,5,45,0,0,0,347,161
VI-500,Virgin Islands CoC,448,14,16,418,51,11,4,36,34,3,5,26,0,0,0,85,14
VT-500,Vermont Balance of State CoC, 1027 ,299,124,604,691,213,65,413,257,82,47,128,6,0,6,954,295
VT-501,Burlington/Chittenden County CoC,532,123,73,336,340,66,30,244,102,38,16,48,0,0,0,442,104
WA-500,Seattle/King County CoC, 8949 , 1,770 ,713, 6,466 , 2,906 ,440,186, 2,280 , 3,265 , 1,311 ,446
WA-501,Washington Balance of State CoC, 5236 , 1,403 ,595, 3,238 , 1,511 ,386,137,988, 1,596 ,682,211,703,0
WA-502,Spokane City & County CoC, 1149 ,292,113,744,561,120,41,400,433,157,48,228,0,0,0,994,277
WA-503, Tacoma Lakewood/Pierce County CoC , 1,464 ,423,154,887,646,142,35,469,525,263,95,167,0,0,0, 1
WA-504,Everett/Snohomish County CoC,949,242,117,590,351,95,22,234,226,113,34,79,0,0,0,577,208
WA-508,Vancouver/Clark County CoC,695,230,60,405,227,57,18,152,251,109,23,119,0,0,0,478,166
WI-500,Wisconsin Balance of State CoC, 3569 , 1,304 ,411, 1,854 , 1,924 ,585,224, 1,115 , 1,515 ,679,171,665
WI-501,Milwaukee City & County CoC, 1499 ,404,121,974,677,125,36,516,668,270,80,318,39,4,35, 1,384 
WI-502,Racine City & County CoC,210,59,24,127,97,19,12,66,102,40,10,52,0,0,0,199,59
WI-503,Madison/Dane County CoC,777,203,68,506,413,112,33,268,256,88,29,139,14,1,13,683,200
WV-500, Wheeling Weirton Area CoC ,97,21,2,74,71,9,1,61,17,9,1,7,0,0,0,88,18
WV-501, Huntington/Cabell Wayne Counties CoC ,218,60,20,138,143,29,15,99,52,31,3,18,13,1,12,208,60
WV-503, Charleston/Kanawha Putnam Boone Clay Counties CoC ,360,52,28,280,244,38,17,189,103,14,11,78,0,0,0,347,52
WV-508,West Virginia Balance of State CoC, 1338 ,165,132, 1,041 ,731,82,68,581,209,31,13,165,0,0,0,940
WY-500,Wyoming Statewide CoC,757,182,71,504,268,41,31,196,295,110,17,168,0,0,0,563,151
,Total, 576450 , 135,701 , 58,043 , 382,706 , 254,327 , 71,407 , 23,153 , 159,767 , 144,710 
,,,,,,,,,,,,,,,,,,
 a MO-604 covers territory in both Missouri and Kansas. The record described in this file represents the CoC's total territory the sum of the point-in-time estimates the CoC separately reported for the portions of its territory in MO and in KS. However in the companion file Point-in-Time Estimates by State MO-604's data have been split up between MO and KS. ,,,,,,,,,,,,,,,,,,
,,,,,,,,,,,,,,,,,,
CoC Number,CoC Name, Overall Homeless 2013 , Overall Homeless - Under 18, 2013 , Overall Homeless - Age 18 to 24, 2013 , Overall Homeless - Over 24, 2013 , Sheltered ES Homeless, 2013 , Sheltered ES Homeless - Under 18, 2013 , Sheltered ES Homeless - Age 18 to 24, 2013 , Sheltered ES Homeless - Over 24, 2013 , Sheltered TH Homeless, 2013 
AK-500,Anchorage CoC, 1122 ,165,104,853,676,79,54,543,394,86,49,259,0,0,0, 1,070 
AK-501,Alaska Balance of State CoC,824,204,85,535,461,116,49,296,210,52,21,137,0,0,0,671,168
AL-500, Birmingham/Jefferson St. Clair Shelby Counties CoC , 1,469 ,259,108, 1,102 ,373,59,38,276,556,141,21,394,31,1,30
AL-501,Mobile City & County/Baldwin County CoC,493,92,25,376,153,34,5,114,107,54,10,43,0,0,0,260,88
AL-502,Florence/Northwest Alabama CoC,223,64,30,129,22,8,0,14,175,51,29,95,0,0,0,197,59
AL-503,Huntsville/North Alabama CoC,586,85,35,466,320,38,13,269,89,36,12,41,0,0,0,409,74
AL-504,Montgomery City & County CoC,515,46,63,406,159,16,23,120,240,30,22,188,0,0,0,399,46
AL-505,Gadsden/Northeast Alabama CoC,399,10,59,330,159,10,22,127,170,0,20,150,0,0,0,329,10
AL-506,Tuscaloosa City & County CoC,99,19,11,69,11,1,3,7,84,18,7,59,0,0,0,95,19
AL-507,Alabama Balance of State CoC,905,119,175,611,358,49,61,248,239,20,36,183,0,0,0,597,69
AR-500,Little Rock/Central Arkansas CoC, 1066 ,51,137,878,244,11,14,219,319,40,17,262,0,0,0,563,51
AR-501,Fayetteville/Northwest Arkansas CoC,668,210,133,325,313,158,46,109,133,22,49,62,0,0,0,446,180
AR-503,Arkansas  Balance of State  CoC, 1760 ,91,34, 1,635 ,376,66,27,283,94,7,3,84,0,0,0,470
AR-504,Delta Hills CoC,254,45,42,167,41,8,5,28,81,0,13,68,0,0,0,122,8
AR-505,Southeast Arkansas CoC,64,32,4,28,63,32,4,27,0,0,0,0,0,0,0,63,32
AZ-500,Arizona Balance of State CoC, 2435 ,643,197, 1,595 ,915,363,65,487,471,204,47,220,0,0,0, 1
AZ-501,Tucson/Pima County CoC, 2238 ,397,232, 1,609 ,801,125,66,610,923,262,107,554,13,1,12, 1
AZ-502, Phoenix Mesa/Maricopa County CoC , 5,889 , 1,558 ,513, 3,818 , 2,177 ,457,167, 1,553 , 2,106 , 1,053 
CA-500,San Jose/Santa Clara City & County CoC, 7631 ,723, 1,063 , 5,845 ,918,146,31,741, 1,023 ,363,148,512,16,0
CA-501,San Francisco CoC, 7008 ,455, 1,848 , 4,705 , 1,919 ,184,102, 1,633 ,720,132,213,375,54
CA-502, Oakland Berkeley/Alameda County CoC , 4,264 ,753,435, 3,076 ,914,228,91,595, 1,013 ,419,201,393,0,0
CA-503,Sacramento City & County CoC, 2538 ,501,226, 1,811 ,808,243,42,523,944,250,130,564,0,0,0, 1
CA-504, Santa Rosa Petaluma/Sonoma County CoC , 4,280 ,537,873, 2,870 ,504,79,22,403,467,161,41,265,0,0,0
CA-505,Richmond/Contra Costa County CoC, 2000 ,193,148, 1,659 ,414,69,47,298,257,111,30,116,0,0,0,671
CA-506, Salinas/Monterey San Benito Counties CoC , 2,955 ,374,397, 2,184 ,355,97,41,217,394,133,29,232,0,0,0
CA-507,Marin County CoC,676,149,53,474,188,22,10,156,317,126,14,177,0,0,0,505,148
CA-508,Watsonville/Santa Cruz City & County CoC, 3536 ,425,882, 2,229 ,402,99,19,284,239,109,25,105,0,0,0,641
CA-509,Mendocino County CoC, 1392 ,55,113, 1,224 ,106,10,6,90,68,16,21,31,0,0,0,174
CA-510, Turlock Modesto/Stanislaus County CoC , 1,201 ,146,99,956,337,39,13,285,219,25,21,173,0,0,0,556
CA-511,Stockton/San Joaquin County CoC, 1541 ,443,96, 1,002 ,760,163,44,553,518,265,41,212,0,0,0, 1
CA-512,Daly/San Mateo County CoC, 1995 ,327,135, 1,533 ,240,40,9,191,456,186,45,225,0,0,0,696
CA-513, Visalia/Kings Tulare Counties CoC ,705,101,60,544,182,40,9,133,227,56,37,134,0,0,0,409,96
CA-514,Fresno City & County/Madera County CoC, 3131 ,403,407, 2,321 ,184,43,14,127,388,159,68,161,22,2,20,594
CA-515, Roseville Rocklin/Placer County CoC ,908,127,72,709,196,40,7,149,189,64,19,106,0,0,0,385,104
CA-516, Redding/Shasta Siskiyou Lassen Plumas Del Norte Modoc Sierra Counties CoC ,851,70,204,577,260,26,72,162,244,37,84,123,0,0,0,504,63
CA-517,Napa City & County CoC,245,46,21,178,119,22,3,94,58,23,18,17,0,0,0,177,45
CA-518,Vallejo/Solano County CoC, 1329 ,103,156, 1,070 ,193,41,18,134,247,33,8,206,0,0,0,440
CA-519, Chico Paradise/Butte County CoC ,712,77,74,561,179,20,18,141,110,47,11,52,0,0,0,289,67
CA-520,Merced City & County CoC,372,20,31,321,86,10,4,72,31,6,7,18,0,0,0,117,16
CA-521, Davis Woodland/Yolo County CoC ,474,84,36,354,107,23,10,74,169,61,13,95,0,0,0,276,84
CA-522,Humboldt County CoC,864,114,183,567,55,22,7,26,125,40,11,74,0,0,0,180,62
CA-523, Colusa Glenn Trinity Counties CoC ,696,118,54,524,183,48,7,128,89,26,4,59,0,0,0,272,74
CA-524,Yuba City & County/Sutter County CoC, 1485 ,473,58,954,344,90,58,196,762,226,0,536,0,0,0, 1,106 
CA-525,El Dorado County CoC,180,26,17,137,27,8,0,19,104,16,13,75,0,0,0,131,24
CA-526, Amador Calaveras Mariposa Tuolumne Counties CoC ,376,71,36,269,99,41,10,48,37,21,3,13,0,0,0,136,62
CA-600,Los Angeles City & County CoC, 35524 , 4,667 , 4,428 , 26,429 , 6,468 , 1,511 ,511, 4,446 , 6,445 , 1
CA-601,San Diego City and County CoC, 8879 , 1,165 ,707, 7,007 ,947,167,41,739, 3,311 ,893,296, 2,122 ,47
CA-602, Santa Ana Anaheim/Orange County CoC , 4,251 ,914,372, 2,965 , 1,145 ,310,85,750, 1,428 ,602,109,717,0
CA-603,Santa Maria/Santa Barbara County CoC, 1882 ,259,110, 1,513 ,471,92,28,351,433,103,34,296,0,0,0,904
CA-604,Bakersfield/Kern County CoC, 1152 ,149,62,941,378,92,24,262,169,28,9,132,0,0,0,547,120
CA-606,Long Beach CoC, 2847 ,334,138, 2,375 ,389,62,25,302,555,111,36,408,24,0,24,968
CA-607,Pasadena CoC,772,140,47,585,267,51,17,199,112,28,18,66,0,0,0,379,79
CA-608,Riverside City & County CoC, 2978 ,384,201, 2,393 ,550,103,43,404,540,205,47,288,0,0,0, 1
CA-609,San Bernardino City & County CoC, 2321 ,522,183, 1,616 ,518,167,54,297,556,273,51,232,0,0,0, 1
CA-611, Oxnard San Buenaventura/Ventura County CoC , 1,674 ,260,89, 1,325 ,334,41,14,279,256,113,8,135,10,0,10
CA-612,Glendale CoC,318,67,12,239,124,15,5,104,87,50,7,30,0,0,0,211,65
CA-613,Imperial County CoC,252,60,20,172,89,18,6,65,59,39,5,15,0,0,0,148,57
CA-614,San Luis Obispo County CoC, 2357 ,262,220, 1,875 ,169,39,10,120,66,19,1,46,0,0,0,235
CO-500,Colorado Balance of State CoC, 2267 ,599,225, 1,443 ,729,158,67,504,533,281,48,204,0,0,0, 1
CO-503,Metropolitan Denver CoC, 6316 , 1,866 ,730, 3,720 , 2,819 ,556,293, 1,970 , 2,546 , 1,240 ,361
CO-504,Colorado Springs/El Paso County CoC, 1171 ,245,111,815,477,71,59,347,464,164,31,269,0,0,0,941,235
CT-503, Bridgeport Stamford Norwalk Danbury/Fairfield County CoC , 1,059 ,211,64,784,498,115,39,344,250,74,12,164,0,0,0,748
CT-505,Connecticut Balance of State CoC, 3389 ,602,278, 2,509 , 1,892 ,351,161, 1,380 ,889,217,72,600,0,0
DC-500,District of Columbia CoC, 6865 , 1,874 ,604, 4,387 , 4,010 ,918,310, 2,782 , 2,343 ,956,276, 1
DE-500,Delaware Statewide CoC,946,240,61,645,516,108,26,382,410,132,35,243,10,0,10,936,240
FL-500, Sarasota Bradenton/Manatee Sarasota Counties CoC , 1,049 ,142,103,804,335,45,39,251,228,68,25,135,0,0,0,563
FL-501,Tampa/Hillsborough County CoC, 1909 ,341,86, 1,482 ,387,51,18,318,559,107,34,418,19,0,19,965
FL-502, St. Petersburg Clearwater Largo/Pinellas County CoC , 3,913 ,577,308, 3,028 , 1,033 ,101,60,872,750,43,56,651,43,0
FL-503, Lakeland Winterhaven/Polk County CoC ,520,74,31,415,118,27,6,85,207,47,18,142,0,0,0,325,74
FL-504, Deltona Daytona Beach/Volusia Flagler Counties CoC , 2,176 ,291,69, 1,816 ,148,40,9,99,545,209,47,289,0,0,0
FL-505, Fort Walton Beach/Okaloosa Walton Counties CoC , 1,658 ,736,257,665,154,61,36,57,210,45,40,125,19,0,19,383
FL-506,Tallahassee/Leon County CoC,974,99,82,793,367,35,31,301,382,64,36,282,0,0,0,749,99
FL-507, Orlando/Orange Osceola Seminole Counties CoC , 4,378 , 1,165 ,261, 2,952 ,929,200,77,652, 1,368 ,464,94,810,24
FL-508, Gainesville/Alachua Putnam Counties CoC , 1,718 ,387,244, 1,087 ,213,55,20,138,200,22,24,154,0,0,0
FL-509, Fort Pierce/St. Lucie Indian River Martin Counties CoC , 2,240 ,802,115, 1,323 ,65,40,6,19,159,90,33,36,0,0,0
FL-510, Jacksonville-Duval Clay Counties CoC , 2,768 ,497,323, 1,948 ,856,138,140,578,815,281,47,487,0,0,0
FL-511, Pensacola/Escambia Santa Rosa Counties CoC ,945,105,65,775,242,46,10,186,321,51,30,240,0,0,0,563,97
FL-512,St. Johns County CoC, 1437 ,249,32, 1,156 ,72,14,7,51,161,49,12,100,0,0,0,233
FL-513, Palm Bay Melbourne/Brevard County CoC , 1,567 ,408,95, 1,064 ,60,17,14,29,647,248,37,362,0,0,0
FL-514,Ocala/Marion County CoC,530,117,30,383,163,51,10,102,162,43,9,110,0,0,0,325,94
FL-515, Panama City/Bay Jackson Counties CoC ,301,28,27,246,39,6,4,29,162,17,14,131,0,0,0,201,23
FL-517, Hendry Hardee Highlands Counties CoC , 3,847 , 1,784 ,526, 1,537 ,40,17,6,17,96,57,12,27,0,0
FL-518, Columbia Hamilton Lafayette Suwannee Counties CoC , 1,278 ,133,239,906,45,24,8,13,36,2,1,33,0,0,0,81
FL-519,Pasco County CoC, 3305 ,809,475, 2,021 ,63,23,16,24,42,0,6,36,0,0,0,105
FL-520, Citrus Hernando Lake Sumter Counties CoC ,709,166,41,502,185,57,18,110,118,23,9,86,0,0,0,303,80
FL-600,Miami-Dade County CoC, 3802 ,889,238, 2,675 , 1,470 ,469,116,885, 1,466 ,420,115,931,27,0
FL-601,Ft Lauderdale/Broward County CoC, 2810 ,598,227, 1,985 ,778,265,99,414, 1,168 ,333,74,761,35,2,33
FL-602,Punta Gorda/Charlotte County CoC,573,94,40,439,66,27,2,37,117,54,5,58,3,0,3,186,81
FL-603, Ft Myers Cape Coral/Lee County CoC ,848,69,55,724,236,39,13,184,216,15,28,173,0,0,0,452,54
FL-604,Monroe County CoC,652,48,28,576,225,31,6,188,122,15,10,97,0,0,0,347,46
FL-605,West Palm Beach/Palm Beach County CoC, 1559 ,182,80, 1,297 ,259,63,11,185,337,33,35,269,16,0,16,612
FL-606,Naples/Collier County CoC,396,82,38,276,207,54,19,134,135,24,19,92,0,0,0,342,78
GA-500,Atlanta CoC, 5536 ,368,496, 4,672 , 2,564 ,250,235, 2,079 , 1,239 ,92,88, 1,059 
GA-501,Georgia Balance of State CoC, 7651 , 1,550 ,612, 5,489 , 1,265 ,420,165,680, 1,069 ,639,61,369,0
GA-502,Fulton County CoC,428,138,29,261,55,29,8,18,243,109,21,113,0,0,0,298,138
GA-503,Athens-Clarke County CoC,213,24,18,171,91,9,10,72,27,15,3,9,0,0,0,118,24
GA-504,Augusta-Richmond County CoC,476,96,55,325,163,18,24,121,167,68,19,80,0,0,0,330,86
GA-505,Columbus-Muscogee CoC,294,29,30,235,179,29,26,124,55,0,2,53,0,0,0,234,29
GA-506,Marietta/Cobb County CoC,495,146,25,324,108,30,2,76,243,103,17,123,0,0,0,351,133
GA-507,Savannah/Chatham County CoC, 1165 ,82,106,977,269,56,32,181,274,26,23,225,0,0,0,543,82
GA-508,DeKalb County CoC,713,200,30,483,130,82,10,38,369,112,10,247,0,0,0,499,194
GU-500,Guam CoC, 1271 ,515,147,609,60,27,2,31,68,21,8,39,0,0,0,128,48
HI-500,Hawaii Balance of State CoC, 1779 ,364,128, 1,287 ,244,68,17,159,410,172,26,212,0,0,0,654
HI-501,Honolulu City and County CoC, 4556 , 1,327 ,309, 2,920 ,982,304,68,610, 2,084 ,931,159,994,25,1
IA-500, Sioux City/Dakota Woodbury Counties CoC ,236,74,30,132,109,25,3,81,115,49,27,39,0,0,0,224,74
IA-501,Iowa Balance of State CoC, 1920 ,703,216, 1,001 ,710,187,81,442, 1,149 ,515,129,505,0,0,0
IA-502,Des Moines/Polk County CoC,928,239,82,607,384,59,46,279,483,180,31,272,0,0,0,867,239
ID-500,Boise/Ada County CoC,694,100,63,531,438,68,46,324,207,31,13,163,0,0,0,645,99
ID-501,Idaho Balance of State CoC, 1087 ,350,99,638,307,102,24,181,452,203,38,211,0,0,0,759,305
IL-500,McHenry County CoC,185,46,11,128,63,7,3,53,117,39,7,71,0,0,0,180,46
IL-501, Rockford/DeKalb Winnebago Boone Counties CoC ,895,298,79,518,278,107,27,144,327,80,35,212,0,0,0,605,187
IL-502, Waukegan North Chicago/Lake County CoC ,497,129,12,356,328,55,2,271,150,74,10,66,14,0,14,492,129
IL-503, Champaign Urbana Rantoul/Champaign County CoC ,214,41,12,161,59,0,1,58,112,28,8,76,0,0,0,171,28
IL-504,Madison County CoC,201,98,30,73,70,28,10,32,103,62,8,33,0,0,0,173,90
IL-506, Joliet Bolingbrook/Will County CoC ,288,65,24,199,152,18,17,117,129,47,7,75,0,0,0,281,65
IL-507, Peoria Pekin/Fulton Tazewell Peoria Woodford Counties CoC ,396,97,30,269,261,54,20,187,109,41,8,60,0,0,0,370,95
IL-508, East St. Louis Belleville/St. Clair County CoC ,213,57,42,114,32,12,8,12,114,45,22,47,0,0,0,146,57
IL-510,Chicago CoC, 6276 , 1,521 ,607, 4,148 , 2,058 ,196,151, 1,711 , 2,965 , 1,293 ,334
IL-511,Cook County CoC, 1242 ,352,95,795,506,71,34,401,570,278,55,237,15,0,15, 1,091 
IL-512,Bloomington/Central Illinois CoC,536,112,212,212,274,30,140,104,130,58,28,44,16,12,4,420,88
IL-513,Springfield/Sangamon County CoC,280,69,30,181,150,33,15,102,120,36,15,69,0,0,0,270,69
IL-514,DuPage County CoC,665,232,83,350,215,37,14,164,421,195,69,157,0,0,0,636,232
IL-515,South Central Illinois CoC,149,57,8,84,55,13,3,39,75,40,4,31,0,0,0,130,53
IL-516,Decatur/Macon County CoC,247,61,41,145,115,21,19,75,75,36,8,31,0,0,0,190,57
IL-517, Aurora Elgin/Kane County CoC ,451,70,54,327,285,24,38,223,120,46,15,59,0,0,0,405,70
IL-518, Rock Island Moline/Northwestern Illinois CoC ,219,43,17,159,52,3,3,46,159,40,14,105,7,0,7,218,43
IL-519,West Central Illinois CoC,133,57,27,49,48,18,6,24,80,39,21,20,0,0,0,128,57
IL-520,Southern Illinois CoC,338,101,38,199,159,45,22,92,104,40,8,56,0,0,0,263,85
IN-502,Indiana Balance of State CoC, 4497 , 1,201 ,340, 2,956 , 2,226 ,511,156, 1,559 , 1,691 ,619,138,934
IN-503,Indianapolis CoC, 1599 ,342,109, 1,148 ,861,192,47,622,594,148,40,406,24,0,24, 1
KS-502,Wichita/Sedgwick County CoC,538,122,32,384,321,54,13,254,137,68,14,55,9,1,8,467,122
KS-503,Topeka/Shawnee County CoC,439,100,25,314,343,79,21,243,73,19,4,50,0,0,0,416,98
KS-505, Overland Park Shawnee/Johnson County CoC ,213,113,20,80,93,50,10,33,103,55,10,38,0,0,0,196,105
KS-507,Kansas Balance of State CoC, 1141 ,286,88,767,537,139,50,348,522,144,31,347,0,0,0, 1,059 
KY-500,Kentucky Balance of State CoC, 2392 ,643,276, 1,473 , 1,188 ,314,130,744,604,239,56,309,0,0,0
KY-501,Louisville-Jefferson County CoC, 1445 ,337,92, 1,016 ,769,152,34,583,603,185,52,366,10,1,9, 1
KY-502,Lexington-Fayette County CoC, 1408 ,222,156, 1,030 ,482,47,58,377,835,175,96,564,0,0,0, 1
LA-500,Lafayette/Acadiana CoC,542,123,32,387,165,31,13,121,268,92,15,161,0,0,0,433,123
LA-502, Shreveport Bossier/Northwest Louisiana CoC ,692,190,50,452,223,45,19,159,281,127,23,131,9,1,8,513,172
LA-503,New Orleans/Jefferson Parish CoC, 2337 ,357,240, 1,740 ,578,48,73,457,705,295,83,327,15,0,15, 1
LA-505,Monroe/Northeast Louisiana CoC,200,80,26,94,49,21,3,25,114,59,20,35,9,2,7,172,80
LA-506,Slidell/Southeast Louisiana CoC,276,83,13,180,86,17,3,66,155,62,8,85,0,0,0,241,79
LA-507,Alexandria/Central Louisiana CoC,118,18,3,97,38,0,0,38,49,17,0,32,0,0,0,87,17
LA-509,Louisiana Balance of State CoC, 1061 ,90,170,801,250,65,23,162,656,23,141,492,1,0,1,907,88
MA-500,Boston CoC, 5881 , 1,926 ,485, 3,470 , 4,334 , 1,715 ,382, 2,237 , 1,338 ,211,85
MA-502,Lynn CoC,468,219,27,222,329,166,14,149,124,50,11,63,0,0,0,453,216
MA-503,Cape Cod Islands CoC,514,93,56,365,242,85,24,133,79,0,16,63,0,0,0,321,85
MA-504,Springfield/Hampden County CoC, 2117 , 1,001 ,291,825, 1,838 ,931,249,658,227,70,38,119,7,0,7
MA-505,New Bedford CoC,337,78,27,232,105,36,13,56,213,40,13,160,0,0,0,318,76
MA-506,Worcester City & County CoC, 1657 ,717,234,706, 1,043 ,582,161,300,546,130,66,350,13,0,13, 1
MA-507, Pittsfield/Berkshire Franklin Hampshire Counties CoC ,678,103,65,510,280,73,43,164,358,28,16,314,0,0,0,638,101
MA-508,Lowell CoC,559,204,58,297,428,165,47,216,106,39,4,63,0,0,0,534,204
MA-509,Cambridge CoC,535,100,28,407,264,35,15,214,202,65,9,128,0,0,0,466,100
MA-510, Gloucester Haverhill Salem/Essex County CoC , 1,286 ,623,43,620, 1,120 ,576,33,511,119,47,8,64,11,2,9
MA-511, Quincy Brockton Weymouth Plymouth City and County CoC , 1,690 ,709,87,894, 1,528 ,672,75,781,113,37,12,64,0,0,0
MA-515,Fall River CoC,235,77,33,125,122,46,16,60,98,28,15,55,0,0,0,220,74
MA-516,Massachusetts Balance of State CoC, 2652 , 1,247 ,466,939, 2,070 , 1,019 ,393,658,513,228,67,218,12,0
MA-517,Somerville CoC,169,49,29,91,99,29,15,55,61,20,14,27,0,0,0,160,49
MA-519, Attleboro Taunton/Bristol County CoC ,251,113,24,114,160,72,15,73,61,35,6,20,0,0,0,221,107
MD-500,Cumberland/Allegany County CoC,76,23,8,45,20,2,2,16,44,21,5,18,0,0,0,64,23
MD-501,Baltimore CoC, 2638 ,431,124, 2,083 , 1,061 ,169,37,855, 1,242 ,238,73,931,40,0
MD-502,Harford County CoC,166,60,22,84,95,34,13,48,63,26,9,28,0,0,0,158,60
MD-503,Annapolis/Anne Arundel County CoC,400,95,24,281,254,59,16,179,61,32,2,27,0,0,0,315,91
MD-504,Howard County CoC,194,57,21,116,93,31,10,52,46,24,8,14,0,0,0,139,55
MD-505,Baltimore County CoC,919,192,77,650,414,131,39,244,50,29,4,17,0,0,0,464,160
MD-506,Carroll County CoC,134,31,7,96,82,16,5,61,26,15,2,9,19,0,19,127,31
MD-507,Cecil County CoC,234,38,13,183,64,0,8,56,124,32,3,89,0,0,0,188,32
MD-508, Charles Calvert St.Mary's Counties CoC ,833,275,78,480,198,55,18,125,135,52,3,80,5,0,5,338,107
MD-509,Frederick City & County CoC,275,65,12,198,94,15,3,76,112,50,3,59,0,0,0,206,65
MD-510,Garrett County CoC,7,0,1,6,3,0,1,2,4,0,0,4,0,0,0,7,0
MD-511,Mid-Shore Regional CoC,87,11,9,67,50,2,6,42,17,6,1,10,0,0,0,67,8
MD-512,Hagerstown/Washington County CoC,192,32,15,145,166,32,8,126,21,0,2,19,0,0,0,187,32
MD-513, Wicomico Somerset Worcester Counties CoC ,360,73,31,256,283,49,26,208,36,20,2,14,0,0,0,319,69
MD-600,Prince George's County CoC,686,251,77,358,290,123,26,141,210,110,22,78,0,0,0,500,233
MD-601,Montgomery County CoC, 1004 ,229,77,698,546,131,46,369,280,98,19,163,35,2,33,861,229
ME-500,Maine Statewide CoC, 3016 ,910,349, 1,757 , 1,090 ,211,135,744, 1,851 ,689,201,961,13,1
MI-500,Michigan Balance of State CoC, 1806 ,585,314,907,528,159,73,296,761,349,125,287,0,0,0, 1,289 
MI-501,Detroit CoC, 2789 ,317,256, 2,216 , 1,348 ,157,157, 1,034 , 1,138 ,157,88,893,21
MI-502, Dearborn Dearborn Heights Westland/Wayne County CoC ,380,113,22,245,105,41,9,55,235,72,13,150,18,0,18,358,113
MI-503, St. Clair Shores Warren/Macomb County CoC ,504,36,82,386,234,25,29,180,71,10,17,44,0,0,0,305,35
MI-504, Pontiac Royal Oak/Oakland County CoC ,698,151,53,494,281,29,1,251,329,122,52,155,0,0,0,610,151
MI-505,Flint/Genesee County CoC,387,68,38,281,185,38,21,126,85,30,14,41,0,0,0,270,68
MI-506, Grand Rapids Wyoming/Kent County CoC ,732,329,92,311,260,61,39,160,428,268,52,108,0,0,0,688,329
MI-507, Portage Kalamazoo City & County CoC ,642,227,64,351,441,136,36,269,170,87,27,56,0,0,0,611,223
MI-508, Lansing East Lansing/Ingham County CoC ,423,65,35,323,291,54,25,212,66,11,7,48,0,0,0,357,65
MI-509,Washtenaw County CoC,510,92,41,377,241,45,14,182,103,42,13,48,0,0,0,344,87
MI-510,Saginaw City & County CoC,350,128,27,195,181,70,13,98,157,58,14,85,5,0,5,343,128
MI-511,Lenawee County CoC,124,46,17,61,72,18,8,46,39,21,9,9,0,0,0,111,39
MI-512, Grand Traverse Antrim Leelanau Counties CoC ,328,88,27,213,186,26,12,148,103,56,12,35,0,0,0,289,82
MI-513, Marquette Alger Counties CoC ,74,10,11,53,29,3,3,23,40,7,8,25,0,0,0,69,10
MI-514,Battle Creek/Calhoun County CoC,236,55,14,167,103,45,8,50,69,9,5,55,0,0,0,172,54
MI-515,Monroe City & County CoC,139,23,9,107,59,18,7,34,77,5,2,70,0,0,0,136,23
MI-516, Norton Shores Muskegon City & County CoC ,644,250,107,287,102,31,10,61,134,30,28,76,0,0,0,236,61
MI-517,Jackson City & County CoC,187,56,14,117,65,14,4,47,89,42,8,39,0,0,0,154,56
MI-518,Livingston County CoC,127,44,24,59,46,24,4,18,51,20,10,21,0,0,0,97,44
MI-519,Holland/Ottawa County CoC,318,122,36,160,123,28,16,79,174,90,14,70,0,0,0,297,118
MI-523,Eaton County CoC,129,56,12,61,47,24,4,19,49,29,2,18,0,0,0,96,53
MN-500,Minneapolis/Hennepin County CoC, 3591 , 1,365 ,294, 1,932 , 2,449 ,948,170, 1,331 ,978,411,121,446,0
MN-501,Saint Paul/Ramsey County CoC, 1417 ,444,262,711,609,143,66,400,727,289,173,265,10,0,10, 1,346 
MN-502,Rochester/Southeast Minnesota CoC,452,188,41,223,246,85,18,143,179,103,18,58,0,0,0,425,188
MN-503, Dakota Anoka Washington Scott Carver Counties ,745,369,72,304,268,127,23,118,367,220,29,118,0,0,0,635,347
MN-504,Northeast Minnesota CoC,265,87,37,141,12,4,2,6,82,44,5,33,0,0,0,94,48
MN-505,St. Cloud/Central Minnesota CoC,657,150,125,382,178,45,31,102,282,55,53,174,0,0,0,460,100
MN-506,Northwest Minnesota CoC,253,103,30,120,101,40,2,59,148,63,28,57,0,0,0,249,103
MN-508,Moorhead/West Central Minnesota CoC,287,97,22,168,157,40,8,109,94,50,6,38,0,0,0,251,90
MN-509,Duluth/St.Louis County CoC,410,136,71,203,112,29,20,63,188,98,29,61,0,0,0,300,127
MN-511,Southwest Minnesota CoC,137,51,30,56,26,9,5,12,86,34,24,28,0,0,0,112,43
MO-500,St. Louis County CoC,388,204,66,118,155,92,15,48,204,106,50,48,0,0,0,359,198
MO-501,St.Louis City CoC, 1423 ,440,141,842,612,161,72,379,697,274,64,359,18,1,17, 1,327 
MO-503, St. Charles City & County Lincoln Warren Counties CoC ,940,333,47,560,392,188,27,177,184,59,9,116,0,0,0,576,247
MO-600, Springfield/Greene Christian Webster Counties CoC ,711,190,132,389,169,49,32,88,360,126,59,175,0,0,0,529,175
MO-602, Joplin/Jasper Newton Counties CoC ,574,138,30,406,261,77,15,169,278,61,15,202,0,0,0,539,138
MO-603, St. Joseph/Andrew Buchanan DeKalb Counties CoC ,186,41,12,133,114,22,11,81,46,19,1,26,17,0,17,177,41
MO-604a, Kansas City Independence Leeâ€™s Summit/Jackson Wyandotte Counties MO & KS , 2,691 ,701,181, 1,809 ,801,103,39,659,957,386,63,508,8,0,8
MO-606,Missouri Balance of State CoC, 2030 ,533,287, 1,210 ,912,307,89,516,552,100,127,325,8,0,8, 1
MS-500, Jackson/Rankin Madison Counties CoC ,760,79,60,621,136,27,12,97,184,52,8,124,0,0,0,320,79
MS-501,Mississippi Balance of State CoC, 1052 ,297,80,675,345,126,28,191,347,125,28,194,0,0,0,692,251
MS-503,Gulf Port/Gulf Coast Regional CoC,591,52,189,350,20,0,20,0,51,0,51,0,0,0,0,71,0
MT-500,Montana Statewide CoC, 1878 ,385,213, 1,280 ,706,164,55,487,388,139,41,208,0,0,0, 1
NC-500,Winston-Salem/Forsyth County CoC,394,64,26,304,271,31,21,219,110,33,5,72,0,0,0,381,64
NC-501,Asheville/Buncombe County CoC,570,62,28,480,247,33,19,195,266,29,6,231,0,0,0,513,62
NC-502,Durham City & County CoC,753,118,43,592,284,57,12,215,416,61,31,324,0,0,0,700,118
NC-503,North Carolina Balance of State CoC, 3625 ,950,345, 2,330 , 1,677 ,455,160, 1,062 ,790,268,63,459,0,0
NC-504, Greensboro High Point CoC ,949,199,104,646,441,83,64,294,340,111,35,194,0,0,0,781,194
NC-505,Charlotte/Mecklenberg CoC, 2418 ,744,124, 1,550 ,952,161,52,739, 1,183 ,583,72,528,0,0,0
NC-506, Wilmington/Brunswick New Hanover Pender Counties CoC ,348,52,42,254,200,42,11,147,45,6,16,23,0,0,0,245,48
NC-507,Raleigh/Wake County CoC, 1098 ,177,102,819,739,81,83,575,263,95,17,151,0,0,0, 1,002 
NC-509, Gastonia/Cleveland Gaston Lincoln Counties CoC ,384,52,75,257,200,37,49,114,74,15,20,39,0,0,0,274,52
NC-511,Fayetteville/Cumberland County CoC,631,182,111,338,99,19,23,57,188,100,7,81,0,0,0,287,119
NC-513,Chapel Hill/Orange County CoC,123,16,10,97,67,0,5,62,26,16,1,9,0,0,0,93,16
NC-516,Northwest North Carolina CoC,875,295,209,371,104,25,27,52,31,9,0,22,0,0,0,135,34
ND-500,North Dakota Statewide CoC, 2069 ,507,266, 1,296 ,540,109,53,378,134,40,3,91,0,0,0,674
NE-500,Nebraska Balance of State CoC,713,270,102,341,243,87,40,116,417,176,57,184,0,0,0,660,263
NE-501, Omaha Council Bluffs CoC , 1,476 ,268,155, 1,053 ,940,134,90,716,519,134,65,320,0,0,0
NE-502,Lincoln CoC,956,263,126,567,349,103,30,216,504,160,87,257,0,0,0,853,263
NH-500,New Hampshire Balance of State CoC,759,209,92,458,430,96,47,287,217,100,33,84,0,0,0,647,196
NH-501,Manchester CoC,382,94,49,239,152,27,15,110,148,62,20,66,4,0,4,304,89
NH-502,Nashua/Hillsborough County CoC,306,76,46,184,103,15,24,64,186,61,19,106,5,0,5,294,76
NJ-500,Atlantic City & County CoC,746,172,46,528,674,165,44,465,12,4,0,8,0,0,0,686,169
NJ-501,Bergen County CoC,346,87,53,206,198,29,23,146,130,56,30,44,0,0,0,328,85
NJ-502,Burlington County CoC,671,246,65,360,600,227,59,314,29,15,0,14,0,0,0,629,242
NJ-503, Camden City & County/Gloucester Cape May Cumberland Counties CoC , 1,291 ,391,184,716,850,314,105,431,248,56,68,124,0,0,0, 1
NJ-504,Newark/Essex County CoC, 1646 ,504,189,953, 1,073 ,261,123,689,409,222,60,127,0,0,0, 1
NJ-506, Jersey City Bayonne/Hudson County CoC ,942,198,69,675,455,118,35,302,202,72,22,108,0,0,0,657,190
NJ-507,New Brunswick/Middlesex County CoC, 1031 ,396,86,549,559,257,46,256,229,98,19,112,0,0,0,788,355
NJ-508,Monmouth County CoC,918,354,71,493,688,246,37,405,194,102,31,61,0,0,0,882,348
NJ-509,Morris County CoC,346,88,41,217,178,46,18,114,102,41,15,46,19,3,16,299,87
NJ-510,Lakewood Township/Ocean County CoC,682,217,77,388,572,209,48,315,17,5,10,2,0,0,0,589,214
NJ-511,Paterson/Passaic County CoC,440,155,38,247,329,116,34,179,57,33,3,21,0,0,0,386,149
NJ-512,Salem County CoC,44,14,4,26,17,5,1,11,23,9,3,11,0,0,0,40,14
NJ-513,Somerset County CoC,312,83,31,198,188,69,11,108,116,11,18,87,0,0,0,304,80
NJ-514,Trenton/Mercer County CoC,668,199,85,384,338,94,34,210,263,90,46,127,0,0,0,601,184
NJ-515,Elizabeth/Union County CoC, 1648 ,764,107,777,336,90,48,198, 1,265 ,666,57,542,0,0,0, 1
NJ-516, Warren Sussex Hunterdon Counties CoC ,271,76,28,167,169,58,15,96,64,13,7,44,0,0,0,233,71
NM-500,Albuquerque CoC, 1171 ,219,174,778,619,75,138,406,408,143,21,244,0,0,0, 1,027 
NM-501,New Mexico Balance of State CoC, 1648 ,504,239,905,876,233,110,533,488,228,65,195,0,0,0, 1,364 
NV-500,Las Vegas/Clark County CoC, 5952 ,824, 1,042 , 4,086 , 2,047 ,239,115, 1,693 ,853,174,114,565,20
NV-501, Reno Sparks/Washoe County CoC ,746,86,35,625,380,63,3,314,277,20,1,256,0,0,0,657,83
NV-502,Nevada Balance of State CoC,341,49,24,268,69,10,5,54,52,28,2,22,0,0,0,121,38
NY-500, Rochester Irondequoit Greece/Monroe County CoC , 1,007 ,368,163,476,544,185,80,279,323,127,52,144,16,1,15,883
NY-501, Elmira/Steuben Allegany Livingston Chemung Schuyler Counties CoC ,349,42,70,237,95,15,15,65,212,18,48,146,0,0,0,307,33
NY-503,Albany City & County CoC,728,191,35,502,557,155,28,374,152,36,7,109,0,0,0,709,191
NY-504,Cattaragus County CoC,47,20,5,22,28,12,3,13,17,8,2,7,0,0,0,45,20
NY-505, Syracuse Auburn/Onondaga Oswego Cayuga Counties CoC ,994,191,144,659,539,86,64,389,402,86,68,248,0,0,0,941,172
NY-506, Fulton Montgomery Schoharie Counties CoC ,43,9,1,33,40,9,1,30,0,0,0,0,0,0,0,40,9
NY-507,Schenectady City & County CoC,327,83,32,212,266,71,30,165,36,12,2,22,0,0,0,302,83
NY-508, Buffalo Niagara Falls/Erie Niagara Orleans Genesee Wyoming Counties CoC , 1,162 ,248,154,760,504,99,59,346,530,145,74,311,14,0,14, 1
NY-510,Ithaca/Tompkins County CoC,47,11,23,13,13,0,3,10,26,11,15,0,0,0,0,39,11
NY-511, Binghamton Union Town/Broome Otsego Chenango Delaware Cortland Tioga Count ,276,23,121,132,129,18,54,57,135,5,61,69,0,0,0,264,23
NY-512,Troy/Rensselaer County CoC,188,55,18,115,106,39,11,56,36,16,7,13,0,0,0,142,55
NY-513, Wayne Ontario Seneca Yates Counties CoC ,171,35,24,112,139,31,13,95,32,4,11,17,0,0,0,171,35
NY-514, Jamestown Dunkirk/Chautauqua County CoC ,62,29,0,33,39,17,0,22,22,12,0,10,0,0,0,61,29
NY-516,Clinton County CoC,140,26,22,92,133,26,22,85,0,0,0,0,0,0,0,133,26
NY-518, Utica Rome/Oneida Madison Counties CoC ,200,60,33,107,122,28,19,75,61,32,13,16,0,0,0,183,60
NY-519, Columbia Greene Counties CoC ,112,29,11,72,99,22,11,66,9,7,0,2,0,0,0,108,29
NY-520, Franklin Essex Counties CoC ,34,1,10,23,31,1,9,21,0,0,0,0,0,0,0,31,1
NY-522, Jefferson Lewis St. Lawrence Counties CoC ,83,6,23,54,75,6,20,49,0,0,0,0,0,0,0,75,6
NY-523, Glens Falls Saratoga Springs/Saratoga Washington Warren Hamilton Counties Co ,262,55,13,194,169,41,7,121,55,11,5,39,0,0,0,224,52
NY-600,New York City CoC, 64060 , 23,201 , 6,704 , 34,155 , 53,482 , 21,813 , 5,659 , 26,010 , 7,272 
NY-601,Poughkeepsie/Dutchess County CoC,397,130,32,235,196,67,20,109,188,63,12,113,0,0,0,384,130
NY-602, Newburgh Middletown/Orange County CoC ,459,89,71,299,233,64,36,133,47,24,9,14,0,0,0,280,88
NY-603, Nassau Suffolk Counties CoC , 3,123 , 1,265 ,308, 1,550 , 2,428 , 1,038 ,231, 1,159 ,578,227,69
NY-604, Yonkers Mount Vernon/Westchester County CoC , 2,054 ,740,220, 1,094 ,873,195,83,595, 1,159 ,541,136,482,0,0
NY-606,Rockland County CoC,107,33,38,36,62,25,16,21,42,8,22,12,0,0,0,104,33
NY-607,Sullivan County CoC,556,178,61,317,549,178,61,310,0,0,0,0,0,0,0,549,178
NY-608,Kingston/Ulster County CoC,442,133,50,259,291,110,27,154,41,9,16,16,0,0,0,332,119
OH-500,Cincinnati/Hamilton County CoC, 1326 ,337,144,845,636,110,68,458,664,227,76,361,0,0,0, 1,300 
OH-501,Toledo/Lucas County CoC,900,207,73,620,484,92,40,352,370,115,31,224,11,0,11,865,207
OH-502,Cleveland/Cuyahoga County CoC, 2129 ,411,149, 1,569 , 1,137 ,201,87,849,896,210,61,625,19,0,19
OH-503,Columbus/Franklin County CoC, 1488 ,271,162, 1,055 , 1,016 ,182,92,742,228,80,39,109,0,0,0
OH-504,Youngstown/Mahoning County CoC,227,62,13,152,121,17,9,95,97,45,4,48,7,0,7,225,62
OH-505, Dayton Kettering/Montgomery County CoC , 1,041 ,268,152,621,616,137,71,408,349,131,73,145,20,0,20,985
OH-506, Akron Barberton/Summit County CoC ,862,207,83,572,345,80,23,242,330,117,49,164,10,0,10,685,197
OH-507,Ohio Balance of State CoC, 3830 , 1,117 ,459, 2,254 , 1,734 ,490,197, 1,047 , 1,421 ,537,163,721
OH-508, Canton Massillon Alliance/Stark County CoC ,522,125,114,283,247,47,58,142,200,72,41,87,19,0,19,466,119
OK-500,North Central Oklahoma CoC,190,66,20,104,78,35,9,34,67,18,8,41,0,0,0,145,53
OK-501,Tulsa City & County CoC, 1008 ,124,81,803,583,60,38,485,257,52,17,188,46,1,45,886,112
OK-502,Oklahoma City CoC, 1362 ,145,113, 1,104 ,820,66,80,674,249,78,17,154,0,0,0, 1
OK-503,Oklahoma Balance of State CoC,272,79,30,163,113,29,8,76,36,14,13,9,0,0,0,149,43
OK-504,Norman/Cleveland County CoC,368,102,33,233,60,11,3,46,153,75,18,60,0,0,0,213,86
OK-505,Northeast Oklahoma CoC,487,126,78,283,288,71,56,161,30,12,6,12,0,0,0,318,83
OK-506,Southwest Oklahoma Regional CoC,196,58,42,96,99,24,20,55,60,24,22,14,0,0,0,159,48
OK-507,Southeastern Oklahoma Regional CoC,525,180,52,293,260,107,18,135,63,14,8,41,0,0,0,323,121
OR-500, Eugene Springfield/Lane County CoC , 1,751 ,226,164, 1,361 ,388,46,19,323,261,116,23,122,0,0,0
OR-501, Portland Gresham/Multnomah County CoC , 4,441 ,749,461, 3,231 ,974,214,135,625, 1,572 ,462,149,961,0,0
OR-502, Medford Ashland/Jackson County CoC ,548,60,31,457,237,23,14,200,199,36,7,156,0,0,0,436,59
OR-503,Central Oregon CoC,506,138,51,317,126,26,16,84,135,54,12,69,0,0,0,261,80
OR-505,Oregon Balance of State CoC, 5525 , 1,653 ,553, 3,319 ,969,184,71,714, 1,225 ,489,127,609,5,0
OR-506, Hillsboro Beaverton/Washington County CoC ,432,73,47,312,66,31,8,27,126,18,15,93,8,1,7,200,49
OR-507,Clackamas County CoC,619,224,61,334,40,21,0,19,101,53,23,25,0,0,0,141,74
PA-500,Philadelphia CoC, 5645 , 1,653 ,595, 3,397 , 3,238 ,902,318, 2,018 , 1,782 ,751,260,771
PA-501,Harrisburg/Dauphin County CoC,390,117,21,252,184,43,9,132,143,62,11,70,15,0,15,342,105
PA-502, Upper Darby Chester Haverford/Delaware County CoC ,546,182,33,331,292,83,19,190,209,99,9,101,0,0,0,501,182
PA-503, Wilkes-Barre Hazleton/Luzerne County CoC ,165,37,20,108,65,15,5,45,88,22,15,51,0,0,0,153,37
PA-504, Lower Merion Norristown Abington/Montgomery County CoC ,464,168,52,244,185,47,20,118,266,121,30,115,0,0,0,451,168
PA-505,Chester County CoC,641,95,46,500,240,25,34,181,350,70,12,268,8,0,8,598,95
PA-506,Reading/Berks County CoC,468,129,34,305,243,37,14,192,212,92,17,103,0,0,0,455,129
PA-508,Scranton/Lackawanna County CoC,252,100,21,131,62,15,6,41,181,85,14,82,4,1,3,247,100
PA-509,Eastern Pennsylvania CoC, 2081 ,689,252, 1,140 ,856,252,107,497,908,402,124,382,0,0,0, 1
PA-510,Lancaster City & County CoC,518,162,60,296,202,43,26,133,306,119,33,154,0,0,0,508,162
PA-511, Bristol Bensalem/Bucks County CoC ,451,203,48,200,110,37,8,65,300,166,38,96,0,0,0,410,203
PA-512,York City & County CoC,278,94,39,145,132,41,22,69,116,41,12,63,0,0,0,248,82
PA-600, Pittsburgh McKeesport Penn Hills/Allegheny County CoC , 1,492 ,398,166,928,369,71,38,260,964,327,113,524,68,0,68, 1
PA-601,Western Pennsylvania CoC, 1170 ,314,145,711,521,100,65,356,504,195,61,248,35,2,33, 1,060 
PA-603,Beaver County CoC,90,24,6,60,21,12,4,5,66,12,2,52,0,0,0,87,24
PA-605,Erie City & County CoC,435,102,52,281,223,32,22,169,160,53,15,92,0,0,0,383,85
PR-502,Puerto Rico Balance of Commonwealth CoC, 2094 ,195,118, 1,781 ,188,15,10,163,718,138,53,527,21,0,21,927
PR-503,South-Southeast Puerto Rico CoC, 2034 ,170,85, 1,779 ,151,7,8,136,277,50,39,188,47,0,47,475
RI-500,Rhode Island Statewide CoC, 1384 ,334,120,930,850,186,71,593,400,144,37,219,17,1,16, 1,267 
SC-500,Charleston/Low Country CoC,733,57,36,640,181,29,16,136,151,28,12,111,0,0,0,332,57
SC-501, Greenville Anderson Spartanburg/Upstate CoC , 2,308 ,533,158, 1,617 ,713,109,56,548,875,270,50,555,12,1,11
SC-502,Columbia/Midlands CoC, 2007 ,289,131, 1,587 ,609,82,32,495,464,122,32,310,0,0,0, 1
SC-503, Myrtle Beach Sumter City & County CoC , 1,496 ,260,111, 1,125 ,174,18,14,142,232,26,26,180,0,0,0
SD-500,South Dakota Statewide CoC, 1094 ,400,95,599,433,139,30,264,322,125,46,151,0,0,0,755,264
TN-500,Chattanooga/Southeast Tennessee CoC,591,141,28,422,280,22,11,247,142,64,8,70,0,0,0,422,86
TN-501,Memphis/Shelby County CoC, 1816 ,422,67, 1,327 ,461,65,5,391, 1,199 ,357,55,787,0,0,0
TN-502,Knoxville/Knox County CoC,993,63,52,878,440,23,25,392,410,36,20,354,0,0,0,850,59
TN-503,Central Tennessee CoC,283,23,52,208,124,19,29,76,146,3,23,120,0,0,0,270,22
TN-504,Nashville-Davidson County CoC, 2069 ,187,204, 1,678 , 1,171 ,92,90,989,637,95,106,436,11,0,11
TN-506,Upper Cumberland CoC,372,99,38,235,80,11,9,60,68,26,6,36,0,0,0,148,37
TN-507,Jackson/West Tennessee CoC, 1673 ,208,102, 1,363 ,190,33,26,131,72,13,1,58,8,0,8,270
TN-509,Appalachian Regional CoC,694,142,8,544,347,44,0,303,70,8,0,62,0,0,0,417,52
TN-510,Murfreesboro/Rutherford County CoC,241,43,21,177,106,34,10,62,55,8,6,41,0,0,0,161,42
TN-512, Morristown/Blount Sevier Campbell Cocke Counties CoC ,796,155,82,559,222,67,19,136,82,14,9,59,0,0,0,304,81
TX-500,San Antonio/Bexar County CoC, 2980 ,532,212, 2,236 , 1,033 ,257,100,676,660,275,19,366,44,3,41
TX-503,Austin/Travis County CoC, 2090 ,420,129, 1,541 ,847,168,50,629,463,252,62,149,15,0,15, 1
TX-600, Dallas City & County Irving CoC , 3,163 ,789,245, 2,129 , 1,708 ,372,110, 1,226 , 1,181 ,410,113,658
TX-601, Fort Worth Arlington/Tarrant County CoC , 2,390 ,739,186, 1,465 , 1,126 ,250,79,797,965,489,85,391,18,0
TX-603,El Paso City & County CoC, 1217 ,334,114,769,544,105,59,380,472,229,48,195,20,0,20, 1,036 
TX-604,Waco/McLennan County CoC,295,102,28,165,118,32,10,76,111,59,6,46,1,0,1,230,91
TX-607,Texas Balance of State CoC, 10128 , 1,362 ,533, 8,233 , 2,575 ,469,115, 1,991 , 1,363 ,199,83, 1
TX-611,Amarillo CoC,516,79,90,347,398,38,90,270,70,41,0,29,0,0,0,468,79
TX-624, Wichita Falls/Wise Palo Pinto Wichita Archer Counties CoC ,302,52,13,237,253,51,12,190,0,0,0,0,0,0,0,253,51
TX-700, Houston Pasadena Conroe/Harris Ft. Bend Montgomery Counties CoC , 6,359 , 1,027 ,499, 4,833 , 1,241 ,341,83,817, 2,127 ,611,163, 1
TX-701, Bryan College Station/Brazos Valley CoC ,175,42,7,126,92,21,6,65,44,10,0,34,0,0,0,136,31
UT-500,Salt Lake City & County CoC, 2133 ,501,117, 1,515 , 1,367 ,272,71, 1,024 ,618,227,33,358,49,1
UT-503,Utah Balance of State CoC,891,287,76,528,337,94,25,218,363,181,36,146,0,0,0,700,275
UT-504,Provo/Mountainland CoC,253,70,26,157,69,17,11,41,56,37,5,14,0,0,0,125,54
VA-500, Richmond/Henrico Chesterfield Hanover Counties CoC ,881,109,49,723,463,66,30,367,349,42,17,290,13,0,13,825,108
VA-501, Norfolk Chesapeake Suffolk/Isle of Wight Southampton Counties CoC ,742,163,51,528,528,90,37,401,169,71,10,88,0,0,0,697,161
VA-502, Roanoke City & County Salem CoC ,442,85,17,340,342,66,13,263,83,19,4,60,0,0,0,425,85
VA-503,Virginia Beach CoC,456,123,13,320,192,39,5,148,197,84,7,106,0,0,0,389,123
VA-504,Charlottesville CoC,195,31,25,139,128,3,20,105,39,28,2,9,0,0,0,167,31
VA-505, Newport News Hampton/Virginia Peninsula CoC ,533,109,20,404,339,45,18,276,133,63,2,68,22,0,22,494,108
VA-507,Portsmouth CoC,247,64,9,174,103,37,7,59,55,22,2,31,0,0,0,158,59
VA-508,Lynchburg CoC,150,52,3,95,85,29,1,55,59,23,2,34,0,0,0,144,52
VA-513, Harrisburg Winchester/Western Virginia CoC ,355,69,29,257,282,61,19,202,4,0,0,4,0,0,0,286,61
VA-514, Fredericksburg/Spotsylvania Stafford Counties CoC ,192,45,24,123,133,25,19,89,31,20,3,8,0,0,0,164,45
VA-521,Virginia Balance of State CoC,715,234,64,417,398,126,37,235,176,84,14,78,0,0,0,574,210
VA-600,Arlington County CoC,479,125,47,307,184,44,21,119,146,81,21,44,3,0,3,333,125
VA-601,Fairfax County CoC, 1350 ,452,111,787,699,170,49,480,539,282,60,197,8,0,8, 1,246 
VA-602,Loudoun County CoC,166,56,8,102,71,20,6,45,54,34,0,20,0,0,0,125,54
VA-603,Alexandria CoC,275,52,35,188,163,25,21,117,71,27,10,34,12,0,12,246,52
VA-604,Prince William County CoC,447,170,39,238,175,70,16,89,155,96,10,49,0,0,0,330,166
VI-500,Virgin Islands CoC,482,24,24,434,68,14,11,43,51,10,6,35,0,0,0,119,24
VT-500,Vermont Balance of State CoC,971,313,126,532,631,231,75,325,231,66,35,130,4,0,4,866,297
VT-501,Burlington/Chittenden County CoC,483,117,50,316,328,103,36,189,76,12,10,54,0,0,0,404,115
WA-500,Seattle/King County CoC, 9106 , 1,576 ,719, 6,811 , 2,874 ,428,205, 2,241 , 3,452 , 1,129 ,433
WA-501,Washington Balance of State CoC, 4671 , 1,275 ,481, 2,915 , 1,451 ,393,130,928, 1,617 ,659,186,772,0
WA-502,Spokane City & County CoC, 1030 ,273,82,675,508,89,28,391,462,180,38,244,0,0,0,970,269
WA-503, Tacoma Lakewood/Pierce County CoC , 1,303 ,464,122,717,550,138,38,374,633,324,73,236,0,0,0, 1
WA-504,Everett/Snohomish County CoC,947,217,126,604,352,98,26,228,251,107,36,108,0,0,0,603,205
WA-508,Vancouver/Clark County CoC,703,234,44,425,234,73,19,142,269,140,12,117,10,0,10,513,213
WI-500,Wisconsin Balance of State CoC, 3610 , 1,296 ,415, 1,899 , 1,847 ,537,212, 1,098 , 1,585 ,727,181,677
WI-501,Milwaukee City & County CoC, 1442 ,387,151,904,651,128,59,464,661,255,77,329,41,2,39, 1,353 
WI-502,Racine City & County CoC,221,64,29,128,117,28,17,72,95,36,12,47,0,0,0,212,64
WI-503,Madison/Dane County CoC,831,233,74,524,421,127,40,254,297,97,14,186,14,1,13,732,224
WV-500, Wheeling Weirton Area CoC ,89,21,4,64,64,7,3,54,23,14,0,9,0,0,0,87,21
WV-501, Huntington/Cabell Wayne Counties CoC ,227,58,19,150,125,30,11,84,76,28,6,42,11,1,10,212,58
WV-503, Charleston/Kanawha Putnam Boone Clay Counties CoC ,411,60,17,334,238,34,8,196,117,26,9,82,0,0,0,355,60
WV-508,West Virginia Balance of State CoC, 1513 ,275,250,988,673,134,53,486,285,67,97,121,0,0,0,958,201
WY-500,Wyoming Statewide CoC,953,223,98,632,292,31,12,249,209,74,9,126,0,0,0,501,105
,Total, 590364 , 138,146 , 59,798 , 392,420 , 236,658 , 65,808 , 22,027 , 148,823 , 156,015 
,,,,,,,,,,,,,,,,,,
 a MO-604 covers territory in both Missouri and Kansas. The record described in this file represents the CoC's total territory the sum of the point-in-time estimates the CoC separately reported for the portions of its territory in MO and in KS. However in the companion file Point-in-Time Estimates by State MO-604's data have been split up between MO and KS. ,,,,,,,,,,,,,,,,,,
,,,,,,,,,,,,,,,,,,
CoC Number,CoC Name, Overall Homeless 2012 , Sheltered ES Homeless, 2012 , Sheltered TH Homeless, 2012 , Sheltered SH Homeless, 2012 , Sheltered Total Homeless, 2012 , Unsheltered Homeless, 2012 , Overall Homeless Individuals, 2012 , Overall Homeless Individuals - Under 18, 2012 , Sheltered ES Homeless Individuals, 2012 
AK-500,Anchorage CoC, 1147 ,704,393,0, 1,097 ,50,791,3,561,3,195,0,0,756,3,35
AK-501,Alaska Balance of State CoC,766,435,184,0,619,147,507,30,288,24,113,4,0,401,28,106,2
AL-500, Birmingham/Jefferson St. Clair Shelby Counties CoC , 1,707 ,347,630,32, 1,009 ,698, 1,222 ,25,277,5,364,0,32,673
AL-501,Mobile City & County/Baldwin County CoC,634,212,112,0,324,310,422,0,130,0,25,0,0,155,0,267,0
AL-502,Florence/Northwest Alabama CoC,192,18,170,0,188,4,162,0,7,0,151,0,0,158,0,4,0
AL-503,Huntsville/North Alabama CoC,607,336,96,0,432,175,448,7,277,4,33,3,0,310,7,138,0
AL-504,Montgomery City & County CoC,487,96,247,0,343,144,383,0,84,0,164,0,0,248,0,135,0
AL-505,Gadsden/Northeast Alabama CoC,544,211,213,0,424,120,451,13,177,11,205,0,0,382,11,69,2
AL-506,Tuscaloosa City & County CoC,152,12,116,0,128,24,99,4,12,0,63,0,0,75,0,24,4
AL-507,Alabama Balance of State CoC,886,431,385,0,816,70,638,0,194,0,378,0,0,572,0,66,0
AR-500,Little Rock/Central Arkansas CoC, 1249 ,329,433,0,762,487, 1,065 ,6,285,5,293,1,0,578,6,487
AR-501,Fayetteville/Northwest Arkansas CoC,186,54,93,0,147,39,109,0,34,0,44,0,0,78,0,31,0
AR-503,Arkansas  Balance of State  CoC, 1930 ,399,163,0,562, 1,368 , 1,788 ,66,341,55,120,11,0,461,66
AR-504,Delta Hills CoC,785,40,27,0,67,718,423,0,4,0,27,0,0,31,0,392,0
AR-505,Southeast Arkansas CoC,64,64,0,0,64,0,43,8,43,8,0,0,0,43,8,0,0
AZ-500,Arizona Balance of State CoC, 2451 , 1,186 ,536,0, 1,722 ,729, 1,381 ,19,868,6,217,12,0, 1
AZ-501,Tucson/Pima County CoC, 2366 ,762,980,15, 1,757 ,609, 1,508 ,31,562,14,444,3,15, 1,021 
AZ-502, Phoenix Mesa/Maricopa County CoC , 6,485 , 2,343 , 2,368 ,25, 4,736 , 1,749 , 3,421 ,79, 1,077 ,10
CA-500,San Jose/Santa Clara City & County CoC, 7053 ,926,949,9, 1,884 , 5,169 , 6,270 ,152,780,7,368,0,9, 1
CA-501,San Francisco CoC, 5895 , 1,757 ,742,25, 2,524 , 3,371 , 5,177 ,35, 1,447 ,10,429,0
CA-502, Oakland Berkeley/Alameda County CoC , 4,257 ,866, 1,179 ,0, 2,045 , 2,212 , 3,208 ,0,546,0,590,0
CA-503,Sacramento City & County CoC, 2812 ,839, 1,018 ,0, 1,857 ,955, 1,985 ,25,477,5,558,0,0, 1
CA-504, Santa Rosa Petaluma/Sonoma County CoC , 4,483 ,530,587,0, 1,117 , 3,366 , 3,890 ,260,362,0,202,0,0
CA-505,Richmond/Contra Costa County CoC, 2386 ,483,413,0,896, 1,490 , 1,960 ,5,315,5,158,0,0,473,5
CA-506, Salinas/Monterey San Benito Counties CoC , 2,673 ,267,495,0,762, 1,911 , 1,761 ,97,0,0,4,0,0,4
CA-507,Marin County CoC,725,201,295,0,496,229,516,0,157,0,130,0,0,287,0,229,0
CA-508,Watsonville/Santa Cruz City & County CoC, 2735 ,370,240,0,610, 2,125 , 2,345 ,95,220,0,60,23,0,280,23
CA-509,Mendocino County CoC, 1441 ,97,30,0,127, 1,314 , 1,347 ,13,78,0,15,0,0,93,0
CA-510, Turlock Modesto/Stanislaus County CoC , 1,470 ,322,357,0,679,791,861,7,157,7,105,0,0,262,7,599
CA-511,Stockton/San Joaquin County CoC, 1569 ,819,503,0, 1,322 ,247,739,5,470,4,47,0,0,517,4,222
CA-512,Daly/San Mateo County CoC, 1845 ,156,527,0,683, 1,162 , 1,274 ,9,91,5,154,2,0,245,7
CA-513, Visalia/Kings Tulare Counties CoC ,771,147,269,0,416,355,566,1,76,0,170,0,0,246,0,320,1
CA-514,Fresno City & County/Madera County CoC, 4492 ,141,506,23,670, 3,822 , 3,554 ,15,59,5,248,2,23,330,7
CA-515, Roseville Rocklin/Placer County CoC ,742,172,215,0,387,355,508,0,91,0,100,0,0,191,0,317,0
CA-516, Redding/Shasta Siskiyou Lassen Plumas Del Norte Modoc Sierra Counties CoC ,524,250,92,0,342,182,384,5,161,0,71,4,0,232,4,152,1
CA-517,Napa City & County CoC,248,109,47,0,156,92,184,0,87,0,14,0,0,101,0,83,0
CA-518,Vallejo/Solano County CoC,622,154,233,0,387,235,383,5,58,0,139,5,0,197,5,186,0
CA-519, Chico Paradise/Butte County CoC ,897,195,162,0,357,540,760,7,161,0,86,0,0,247,0,513,7
CA-520,Merced City & County CoC,502,89,75,0,164,338,479,0,83,0,58,0,0,141,0,338,0
CA-521, Davis Woodland/Yolo County CoC ,513,104,146,0,250,263,383,2,82,1,55,0,0,137,1,246,1
CA-522,Humboldt County CoC,846,260,132,0,392,454,633,13,173,3,59,5,0,232,8,401,5
CA-523, Colusa Glenn Trinity Counties CoC ,303,80,84,0,164,139,185,0,45,0,33,0,0,78,0,107,0
CA-524,Yuba City & County/Sutter County CoC,492,133,139,0,272,220,311,0,61,0,88,0,0,149,0,162,0
CA-525,El Dorado County CoC,217,110,70,0,180,37,155,6,84,6,40,0,0,124,6,31,0
CA-526, Amador Calaveras Mariposa Tuolumne Counties CoC ,379,45,65,0,110,269,204,3,26,0,17,0,0,43,0,161,3
CA-528,Del Norte County CoC,437,16,0,0,16,421,305,0,0,0,0,0,0,0,0,305,0
CA-600,Los Angeles City & County CoC, 31553 , 7,173 , 6,618 ,22, 13,813 , 17,740 , 24,609 ,368, 4,589 ,60, 4
CA-601,San Diego City and County CoC, 10013 , 1,040 , 3,279 ,52, 4,371 , 5,642 , 7,755 ,64,793,17, 1,914 
CA-602, Santa Ana Anaheim/Orange County CoC , 7,010 , 1,154 , 1,584 ,0, 2,738 , 4,272 , 5,257 ,41,543,15,464
CA-603,Santa Maria/Santa Barbara County CoC, 1546 ,499,179,0,678,868, 1,318 ,2,397,1,96,0,0,493,1,825
CA-604,Bakersfield/Kern County CoC, 1352 ,368,151,0,519,833, 1,146 ,1,252,0,105,0,0,357,0,789
CA-606,Long Beach CoC, 3170 ,420,528,19,967, 2,203 , 2,609 ,0,325,0,329,0,19,673,0
CA-607,Pasadena CoC,904,354,113,0,467,437,779,0,285,0,63,0,0,348,0,431,0
CA-608,Riverside City & County CoC, 6096 ,479,527,0, 1,006 , 5,090 , 5,605 ,120,342,11,204,0,0,546
CA-609,San Bernardino City & County CoC, 2532 ,382,458,0,840, 1,692 , 1,781 ,3,240,0,175,0,0,415,0
CA-611, Oxnard San Buenaventura/Ventura County CoC , 1,926 ,350,323,10,683, 1,243 , 1,627 ,0,295,0,118,0,10,423
CA-612,Glendale CoC,299,94,85,0,179,120,165,0,45,0,0,0,0,45,0,120,0
CA-613,Imperial County CoC,239,93,43,0,136,103,158,7,55,7,0,0,0,55,7,103,0
CA-614,San Luis Obispo County CoC, 2129 ,156,72,0,228, 1,901 , 1,752 ,0,100,0,38,0,0,138,0
CO-500,Colorado Balance of State CoC, 9283 ,631,384,0, 1,015 , 8,268 , 1,615 ,304,237,0,58,0,0,295
CO-503,Metropolitan Denver CoC, 6358 , 2,441 , 2,928 ,25, 5,394 ,964, 2,677 ,31, 1,349 ,15,640,14
CO-504,Colorado Springs/El Paso County CoC, 1127 ,430,421,0,851,276,809,0,306,0,232,0,0,538,0,271,0
CT-503, Bridgeport Stamford Norwalk Danbury/Fairfield County CoC ,902,469,272,0,741,161,587,0,310,0,128,0,0,438,0,149,0
CT-505,Connecticut Balance of State CoC, 3307 , 1,802 ,971,0, 2,773 ,534, 2,319 ,1, 1,267 ,1,547,0,0
DC-500,District of Columbia CoC, 6954 , 3,772 , 2,503 ,0, 6,275 ,679, 3,767 ,13, 2,166 ,10,922,3
DE-500,Delaware Statewide CoC, 1008 ,527,449,10,986,22,611,0,364,0,215,0,10,589,0,22,0
FL-500, Sarasota Bradenton/Manatee Sarasota Counties CoC ,921,369,295,0,664,257,733,31,302,8,197,22,0,499,30,234,1
FL-501,Tampa/Hillsborough County CoC, 7419 ,377,575,20,972, 6,447 , 4,515 ,182,285,5,319,0,20,624,5
FL-502, St. Petersburg Clearwater Largo/Pinellas County CoC , 3,971 , 1,191 ,722,38, 1,951 , 2,020 , 2,922 ,113, 1,033 ,5,631
FL-503, Lakeland Winterhaven/Polk County CoC ,881,122,175,0,297,584,750,0,91,0,109,0,0,200,0,550,0
FL-504, Deltona Daytona Beach/Volusia Flagler Counties CoC , 2,384 ,81,422,0,503, 1,881 , 2,123 ,0,53,0,189,0,0,242
FL-505, Fort Walton Beach/Okaloosa Walton Counties CoC , 2,438 ,271,239,0,510, 1,928 ,975,45,199,28,163,0,0,362,28
FL-506,Tallahassee/Leon County CoC,797,389,349,0,738,59,634,14,321,14,254,0,0,575,14,59,0
FL-507, Orlando/Orange Osceola Seminole Counties CoC , 3,661 ,856, 1,345 ,17, 2,218 , 1,443 , 2,330 ,11,537,0,651,11
FL-508, Gainesville/Alachua Putnam Counties CoC , 1,814 ,202,187,0,389, 1,425 , 1,476 ,28,98,15,99,9,0,197
FL-509, Fort Pierce/St. Lucie Indian River Martin Counties CoC , 1,724 ,65,114,0,179, 1,545 ,917,8,16,6,10,0,0,26,6
FL-510, Jacksonville-Duval Clay Counties CoC , 2,861 ,842,700,0, 1,542 , 1,319 , 2,294 ,34,615,20,401,8,0
FL-511, Pensacola/Escambia Santa Rosa Counties CoC ,792,171,355,0,526,266,667,6,126,0,282,5,0,408,5,259,1
FL-512,St. Johns County CoC, 1385 ,64,120,0,184, 1,201 ,996,0,35,0,21,0,0,56,0,940
FL-513, Palm Bay Melbourne/Brevard County CoC , 2,062 ,242,501,0,743, 1,319 , 1,386 ,190,76,11,214,52,0,290
FL-514,Ocala/Marion County CoC,911,107,204,0,311,600,787,53,93,24,100,29,0,193,53,594,0
FL-515, Panama City/Bay Jackson Counties CoC ,322,106,129,0,235,87,244,0,99,0,61,0,0,160,0,84,0
FL-517, Hendry Hardee Highlands Counties CoC , 1,319 ,0,114,0,114, 1,205 ,559,22,0,0,114,22,0,114,22
FL-518, Columbia Hamilton Lafayette Suwannee Counties CoC , 1,180 ,48,36,0,84, 1,096 ,803,16,27,11,36,0,0,63,11
FL-519,Pasco County CoC, 4351 ,147,45,0,192, 4,159 , 1,308 ,137,96,12,45,0,0,141,12
FL-520, Citrus Hernando Lake Sumter Counties CoC , 1,788 ,201,202,0,403, 1,385 , 1,227 ,23,86,15,152,8,0,238
FL-600,Miami-Dade County CoC, 3976 , 1,713 , 1,368 ,27, 3,108 ,868, 2,517 ,33,940,33,682,0,27
FL-601,Ft Lauderdale/Broward County CoC, 3183 ,774, 1,108 ,33, 1,915 , 1,268 , 2,627 ,36,578,14,779,16,33
FL-602,Punta Gorda/Charlotte County CoC,756,75,132,4,211,545,584,2,42,0,132,0,4,178,0,406,2
FL-603, Ft Myers Cape Coral/Lee County CoC ,781,184,226,0,410,371,637,0,149,0,193,0,0,342,0,295,0
FL-604,Monroe County CoC,922,230,134,0,364,558,793,14,190,7,111,0,0,301,7,492,7
FL-605,West Palm Beach/Palm Beach County CoC, 2116 ,350,353,16,719, 1,397 , 1,667 ,14,194,8,225,1,16,435,9
FL-606,Naples/Collier County CoC,455,211,139,0,350,105,300,1,154,1,41,0,0,195,1,105,0
GA-500,Atlanta CoC, 6811 , 2,315 , 2,096 ,22, 4,433 , 2,378 , 5,458 ,15, 1,879 ,0, 1
GA-501,Georgia Balance of State CoC, 11105 , 1,129 , 1,121 ,0, 2,250 , 8,855 , 7,872 ,98,455,6,139,0
GA-503,Athens-Clarke County CoC,361,54,84,0,138,223,273,0,44,0,14,0,0,58,0,215,0
GA-504,Augusta-Richmond County CoC,396,242,149,0,391,5,265,0,190,0,73,0,0,263,0,2,0
GA-505,Columbus-Muscogee CoC,333,224,54,0,278,55,236,2,143,2,54,0,0,197,2,39,0
GA-506,Marietta/Cobb County CoC,392,93,250,0,343,49,193,0,59,0,88,0,0,147,0,46,0
GA-507,Savannah/Chatham County CoC, 1118 ,234,253,0,487,631, 1,066 ,4,208,4,227,0,0,435,4,631
GU-500,Guam CoC, 1301 ,66,121,0,187, 1,114 ,255,6,26,5,39,1,0,65,6,190
HI-500,Hawaii Balance of State CoC, 1893 ,257,434,0,691, 1,202 , 1,121 ,0,104,0,106,0,0,210,0
HI-501,Honolulu City and County CoC, 4353 ,884, 2,126 ,25, 3,035 , 1,318 , 2,009 ,9,409,2,431,0,25
IA-500, Sioux City/Dakota Woodbury Counties CoC ,250,100,133,0,233,17,119,0,74,0,28,0,0,102,0,17,0
IA-501,Iowa Balance of State CoC, 1860 ,736, 1,067 ,0, 1,803 ,57,818,10,461,0,304,10,0,765,10
IA-502,Des Moines/Polk County CoC,818,328,416,0,744,74,509,1,221,0,214,1,0,435,1,74,0
ID-500,Boise/Ada County CoC,754,482,219,0,701,53,566,7,375,7,140,0,0,515,7,51,0
ID-501,Idaho Balance of State CoC, 1214 ,288,493,0,781,433,609,6,142,0,130,0,0,272,0,337,6
IL-500,McHenry County CoC,196,60,133,0,193,3,123,0,60,0,60,0,0,120,0,3,0
IL-501, Rockford/DeKalb Winnebago Boone Counties CoC ,852,282,355,0,637,215,493,34,162,11,217,0,0,379,11,114,23
IL-502, Waukegan North Chicago/Lake County CoC ,450,328,104,13,445,5,259,0,210,0,31,0,13,254,0,5,0
IL-503, Champaign Urbana Rantoul/Champaign County CoC ,209,42,141,0,183,26,134,8,42,5,75,3,0,117,8,17,0
IL-504,Madison County CoC,196,78,104,0,182,14,44,0,24,0,6,0,0,30,0,14,0
IL-506, Joliet Bolingbrook/Will County CoC ,291,135,147,0,282,9,164,0,95,0,60,0,0,155,0,9,0
IL-507, Peoria Pekin/Fulton Tazewell Peoria Woodford Counties CoC ,376,238,129,0,367,9,220,0,158,0,56,0,0,214,0,6,0
IL-508, East St. Louis Belleville/St. Clair County CoC ,451,59,107,0,166,285,193,0,12,0,36,0,0,48,0,145,0
IL-510,Chicago CoC, 6710 , 1,783 , 3,165 ,40, 4,988 , 1,722 , 4,270 ,30, 1,506 ,0, 1
IL-511,Cook County CoC, 1242 ,430,564,15, 1,009 ,233,738,87,351,3,146,0,15,512,3,226
IL-512,Bloomington/Central Illinois CoC,668,291,140,21,452,216,361,1,221,1,30,0,21,272,1,89,0
IL-513,Springfield/Sangamon County CoC,251,114,128,0,242,9,160,0,114,0,37,0,0,151,0,9,0
IL-514,DuPage County CoC,641,168,440,0,608,33,286,4,130,4,126,0,0,256,4,30,0
IL-515,South Central Illinois CoC,124,74,50,0,124,0,33,1,32,1,1,0,0,33,1,0,0
IL-516,Decatur/Macon County CoC,210,94,61,3,158,52,122,0,62,0,11,0,3,76,0,46,0
IL-517, Aurora Elgin/Kane County CoC ,431,258,130,0,388,43,313,0,221,0,56,0,0,277,0,36,0
IL-518, Rock Island Moline/Northwestern Illinois CoC ,263,94,141,0,235,28,129,2,75,1,40,1,0,115,2,14,0
IL-519,West Central Illinois CoC,172,59,90,0,149,23,69,1,41,0,22,1,0,63,1,6,0
IL-520,Southern Illinois CoC,411,241,100,0,341,70,158,0,101,0,26,0,0,127,0,31,0
IN-502,Indiana Balance of State CoC, 4612 , 2,089 , 1,807 ,0, 3,896 ,716, 2,177 ,67, 1,051 ,27,639,24
IN-503,Indianapolis CoC, 1647 ,845,604,25, 1,474 ,173, 1,139 ,0,504,0,442,0,25,971,0
KS-502,Wichita/Sedgwick County CoC,550,339,119,17,475,75,368,2,234,2,45,0,17,296,2,72,0
KS-503,Topeka/Shawnee County CoC,577,447,80,0,527,50,405,0,338,0,22,0,0,360,0,45,0
KS-505, Overland Park Shawnee/Johnson County CoC ,288,97,123,0,220,68,48,1,21,0,4,0,0,25,0,23,1
KS-507,Kansas Balance of State CoC, 1043 ,414,568,0,982,61,561,0,262,0,248,0,0,510,0,51,0
KY-500,Kentucky Balance of State CoC, 2328 , 1,055 ,572,0, 1,627 ,701, 1,340 ,36,677,36,135,0,0,812
KY-501,Louisville-Jefferson County CoC, 1532 ,676,694,10, 1,380 ,152, 1,034 ,20,507,18,374,0,10,891,18
KY-502,Lexington-Fayette County CoC, 1370 ,401,911,0, 1,312 ,58,908,9,371,9,481,0,0,852,9,56
LA-500,Lafayette/Acadiana CoC,518,194,245,0,439,79,325,0,120,0,126,0,0,246,0,79,0
LA-502, Shreveport Bossier/Northwest Louisiana CoC ,804,169,448,9,626,178,477,4,131,0,159,4,9,299,4,178,0
LA-503,New Orleans/Jefferson Parish CoC, 4903 ,601,848,15, 1,464 , 3,439 , 4,325 ,30,532,8,384,13,15,931
LA-505,Monroe/Northeast Louisiana CoC,257,73,117,8,198,59,119,2,44,2,14,0,8,66,2,53,0
LA-506,Slidell/Southeast Louisiana CoC,276,85,152,0,237,39,153,0,61,0,63,0,0,124,0,29,0
LA-507,Alexandria/Central Louisiana CoC,188,52,121,0,173,15,156,0,46,0,95,0,0,141,0,15,0
LA-509,Louisiana Balance of State CoC,826,201,466,3,670,156,767,15,198,11,430,1,3,631,12,136,3
MA-500,Boston CoC, 5607 , 4,142 , 1,278 ,6, 5,426 ,181, 2,430 ,15, 1,307 ,0,936,15
MA-502,Lynn CoC,414,346,54,0,400,14,106,3,49,0,43,0,0,92,0,14,3
MA-503,Cape Cod Islands CoC,364,221,95,0,316,48,221,4,83,0,95,0,0,178,0,43,4
MA-504,Springfield/Hampden County CoC, 2444 , 2,071 ,326,12, 2,409 ,35,382,10,223,3,112,7,12,347,10
MA-505,New Bedford CoC,374,104,250,0,354,20,258,0,30,0,208,0,0,238,0,20,0
MA-506,Worcester City & County CoC, 1572 ,968,518,13, 1,499 ,73,551,29,183,22,285,4,13,481,26,70
MA-507, Pittsfield/Berkshire Franklin Hampshire Counties CoC ,717,305,353,0,658,59,484,0,109,0,316,0,0,425,0,59,0
MA-508,Lowell CoC,534,400,106,0,506,28,189,0,132,0,29,0,0,161,0,28,0
MA-509,Cambridge CoC,485,260,153,0,413,72,357,0,192,0,93,0,0,285,0,72,0
MA-510, Gloucester Haverhill Salem/Essex County CoC ,993,839,106,10,955,38,266,0,179,0,39,0,10,228,0,38,0
MA-511, Quincy Brockton Weymouth Plymouth City and County CoC , 1,424 , 1,267 ,97,0, 1,364 ,60,407,1,296,1,51,0,0,347
MA-515,Fall River CoC,307,161,124,0,285,22,121,0,47,0,52,0,0,99,0,22,0
MA-516,Massachusetts Balance of State CoC, 1872 , 1,318 ,505,12, 1,835 ,37,354,0,202,0,105,0,12,319,0
MA-517,Somerville CoC,145,102,34,0,136,9,90,0,59,0,22,0,0,81,0,9,0
MA-519, Attleboro Taunton/Bristol County CoC ,249,148,75,0,223,26,73,0,28,0,19,0,0,47,0,26,0
MD-500,Cumberland/Allegany County CoC,110,51,45,0,96,14,89,0,34,0,41,0,0,75,0,14,0
MD-501,Baltimore CoC, 3854 ,867, 1,154 ,38, 2,059 , 1,795 , 2,926 ,0,711,0,795,0,38
MD-502,Harford County CoC,189,111,66,0,177,12,78,0,45,0,21,0,0,66,0,12,0
MD-503,Annapolis/Anne Arundel County CoC,373,221,90,0,311,62,213,0,138,0,13,0,0,151,0,62,0
MD-504,Howard County CoC,230,73,75,0,148,82,114,0,24,0,17,0,0,41,0,73,0
MD-505,Baltimore County CoC,800,425,97,0,522,278,415,0,189,0,31,0,0,220,0,195,0
MD-506,Carroll County CoC,167,94,14,23,131,36,113,0,51,0,3,0,23,77,0,36,0
MD-507,Cecil County CoC,187,108,63,0,171,16,151,0,84,0,51,0,0,135,0,16,0
MD-508, Charles Calvert St.Mary's Counties CoC , 1,156 ,234,117,0,351,805,285,0,132,0,60,0,0,192,0,93
MD-509,Frederick City & County CoC,285,80,133,0,213,72,169,0,70,0,29,0,0,99,0,70,0
MD-510,Garrett County CoC,18,12,4,0,16,2,9,0,3,0,4,0,0,7,0,2,0
MD-511,Mid-Shore Regional CoC,80,52,21,0,73,7,49,0,36,0,6,0,0,42,0,7,0
MD-512,Hagerstown/Washington County CoC,161,121,5,0,126,35,88,0,59,0,5,0,0,64,0,24,0
MD-513, Wicomico Somerset Worcester Counties CoC ,221,174,47,0,221,0,148,0,139,0,9,0,0,148,0,0,0
MD-600,Prince George's County CoC,641,250,225,0,475,166,279,0,74,0,39,0,0,113,0,166,0
MD-601,Montgomery County CoC,982,526,295,31,852,130,601,1,328,0,112,1,31,471,1,130,0
ME-500,Maine Statewide CoC, 2393 ,975, 1,373 ,12, 2,360 ,33, 1,287 ,34,688,11,554,21,12, 1
MI-500,Michigan Balance of State CoC, 2255 ,617, 1,219 ,0, 1,836 ,419,832,64,288,30,261,28,0,549,58
MI-501,Detroit CoC, 3115 , 1,631 , 1,110 ,21, 2,762 ,353, 2,565 ,40, 1,259 ,15,932,25
MI-502, Dearborn Dearborn Heights Westland/Wayne County CoC ,476,176,271,10,457,19,179,13,46,7,108,6,10,164,13,15,0
MI-503, St. Clair Shores Warren/Macomb County CoC ,607,209,92,0,301,306,491,5,160,2,49,3,0,209,5,282,0
MI-504, Pontiac Royal Oak/Oakland County CoC ,743,247,259,0,506,237,591,7,214,6,148,1,0,362,7,229,0
MI-505,Flint/Genesee County CoC,435,188,101,0,289,146,269,5,102,2,36,3,0,138,5,131,0
MI-506, Grand Rapids Wyoming/Kent County CoC ,712,282,400,0,682,30,251,23,196,8,25,15,0,221,23,30,0
MI-507, Portage Kalamazoo City & County CoC ,729,317,391,0,708,21,265,6,176,6,68,0,0,244,6,21,0
MI-508, Lansing East Lansing/Ingham County CoC ,470,298,102,0,400,70,334,4,207,1,69,3,0,276,4,58,0
MI-509,Washtenaw County CoC,381,214,124,0,338,43,216,1,128,1,45,0,0,173,1,43,0
MI-510,Saginaw City & County CoC,402,151,171,3,325,77,243,10,74,4,89,6,3,166,10,77,0
MI-511,Lenawee County CoC,118,52,44,0,96,22,44,2,31,1,7,0,0,38,1,6,1
MI-512, Grand Traverse Antrim Leelanau Counties CoC ,316,140,128,0,268,48,174,17,87,2,39,15,0,126,17,48,0
MI-513, Marquette Alger Counties CoC ,80,63,13,0,76,4,61,0,55,0,2,0,0,57,0,4,0
MI-514,Battle Creek/Calhoun County CoC,216,119,41,0,160,56,167,0,83,0,30,0,0,113,0,54,0
MI-515,Monroe City & County CoC,113,78,31,0,109,4,81,7,53,5,24,2,0,77,7,4,0
MI-516, Norton Shores Muskegon City & County CoC ,457,139,86,0,225,232,300,27,102,1,55,0,0,157,1,143,26
MI-517,Jackson City & County CoC,256,63,137,0,200,56,107,1,41,0,10,1,0,51,1,56,0
MI-518,Livingston County CoC,150,23,56,0,79,71,68,15,10,4,12,4,0,22,8,46,7
MI-519,Holland/Ottawa County CoC,322,158,161,0,319,3,124,0,87,0,34,0,0,121,0,3,0
MI-523,Eaton County CoC,239,56,78,0,134,105,35,0,6,0,5,0,0,11,0,24,0
MN-500,Minneapolis/Hennepin County CoC, 3285 , 2,094 , 1,047 ,0, 3,141 ,144, 1,480 ,23,992,11,350,12,0
MN-501,Saint Paul/Ramsey County CoC, 1218 ,516,581,10, 1,107 ,111,661,22,352,3,192,19,10,554,22,107
MN-502,Rochester/Southeast Minnesota CoC,379,193,166,0,359,20,151,7,107,4,24,0,0,131,4,20,3
MN-503, Dakota Anoka Washington Scott Carver Counties ,853,260,407,0,667,186,304,2,89,1,83,1,0,172,2,132,0
MN-504,Northeast Minnesota CoC,178,25,55,0,80,98,61,1,16,1,8,0,0,24,1,37,0
MN-505,St. Cloud/Central Minnesota CoC,547,171,236,0,407,140,316,49,93,9,119,38,0,212,47,104,2
MN-506,Northwest Minnesota CoC,301,104,146,0,250,51,108,15,46,11,36,4,0,82,15,26,0
MN-508,Moorhead/West Central Minnesota CoC,254,136,88,0,224,30,129,0,90,0,23,0,0,113,0,16,0
